image_id,sport,zone,corner,v_line,h_line,residual_px720,inlier
286.png,tennis,centerline_fit,-1,,,0.657,True
287.png,tennis,centerline_fit,-1,,,0.657,True
288.png,tennis,centerline_fit,-1,,,0.657,True
289.png,tennis,centerline_fit,-1,,,0.657,True
290.png,tennis,centerline_fit,-1,,,0.657,True
291.png,tennis,centerline_fit,-1,,,0.657,True
292.png,tennis,centerline_fit,-1,,,0.657,True
293.png,tennis,centerline_fit,-1,,,0.657,True
294.png,tennis,centerline_fit,-1,,,0.657,True
295.png,tennis,centerline_fit,-1,,,0.657,True
296.png,tennis,centerline_fit,-1,,,0.657,True
297.png,tennis,centerline_fit,-1,,,0.657,True
298.png,tennis,centerline_fit,-1,,,0.657,True
299.png,tennis,centerline_fit,-1,,,0.657,True
300.png,tennis,centerline_fit,-1,,,0.657,True
301.png,tennis,centerline_fit,-1,,,0.657,True
302.png,tennis,centerline_fit,-1,,,0.657,True
303.png,tennis,centerline_fit,-1,,,0.765,True
304.png,tennis,centerline_fit,-1,,,0.765,True
305.png,tennis,centerline_fit,-1,,,0.858,True
306.png,tennis,centerline_fit,-1,,,0.858,True
307.png,tennis,centerline_fit,-1,,,0.858,True
308.png,tennis,centerline_fit,-1,,,0.858,True
309.png,tennis,centerline_fit,-1,,,0.858,True
310.png,tennis,centerline_fit,-1,,,0.858,True
311.png,tennis,centerline_fit,-1,,,0.858,True
312.png,tennis,centerline_fit,-1,,,0.858,True
313.png,tennis,centerline_fit,-1,,,0.858,True
314.png,tennis,centerline_fit,-1,,,0.858,True
315.png,tennis,centerline_fit,-1,,,0.633,True
316.png,tennis,centerline_fit,-1,,,0.713,True
317.png,tennis,centerline_fit,-1,,,0.713,True
318.png,tennis,centerline_fit,-1,,,0.713,True
319.png,tennis,centerline_fit,-1,,,0.713,True
320.png,tennis,centerline_fit,-1,,,0.738,True
321.png,tennis,centerline_fit,-1,,,0.713,True
322.png,tennis,centerline_fit,-1,,,0.713,True
323.png,tennis,centerline_fit,-1,,,0.713,True
324.png,tennis,centerline_fit,-1,,,0.713,True
325.png,tennis,centerline_fit,-1,,,0.643,True
326.png,tennis,centerline_fit,-1,,,0.678,True
327.png,tennis,centerline_fit,-1,,,0.678,True
328.png,tennis,centerline_fit,-1,,,0.678,True
329.png,tennis,centerline_fit,-1,,,0.678,True
330.png,tennis,centerline_fit,-1,,,0.678,True
331.png,tennis,centerline_fit,-1,,,0.678,True
332.png,tennis,centerline_fit,-1,,,0.681,True
333.png,tennis,centerline_fit,-1,,,0.515,True
334.png,tennis,centerline_fit,-1,,,0.515,True
335.png,tennis,centerline_fit,-1,,,0.552,True
336.png,tennis,centerline_fit,-1,,,0.552,True
337.png,tennis,centerline_fit,-1,,,0.552,True
338.png,tennis,centerline_fit,-1,,,0.552,True
339.png,tennis,centerline_fit,-1,,,0.559,True
340.png,tennis,centerline_fit,-1,,,0.559,True
341.png,tennis,centerline_fit,-1,,,0.559,True
342.png,tennis,centerline_fit,-1,,,0.559,True
343.png,tennis,centerline_fit,-1,,,0.559,True
344.png,tennis,centerline_fit,-1,,,0.559,True
345.png,tennis,centerline_fit,-1,,,0.559,True
346.png,tennis,centerline_fit,-1,,,0.559,True
347.png,tennis,centerline_fit,-1,,,0.559,True
348.png,tennis,centerline_fit,-1,,,0.559,True
349.png,tennis,centerline_fit,-1,,,0.559,True
350.png,tennis,centerline_fit,-1,,,0.559,True
351.png,tennis,centerline_fit,-1,,,0.559,True
352.png,tennis,centerline_fit,-1,,,0.559,True
353.png,tennis,centerline_fit,-1,,,0.559,True
354.png,tennis,centerline_fit,-1,,,0.559,True
355.png,tennis,centerline_fit,-1,,,0.559,True
356.png,tennis,centerline_fit,-1,,,0.559,True
357.png,tennis,centerline_fit,-1,,,0.559,True
358.png,tennis,centerline_fit,-1,,,0.559,True
359.png,tennis,centerline_fit,-1,,,0.559,True
360.png,tennis,centerline_fit,-1,,,0.559,True
361.png,tennis,centerline_fit,-1,,,0.559,True
362.png,tennis,centerline_fit,-1,,,0.559,True
363.png,tennis,centerline_fit,-1,,,0.559,True
364.png,tennis,centerline_fit,-1,,,0.567,True
365.png,tennis,centerline_fit,-1,,,0.559,True
366.png,tennis,centerline_fit,-1,,,0.557,True
367.png,tennis,centerline_fit,-1,,,0.557,True
368.png,tennis,centerline_fit,-1,,,0.557,True
vlcsnap-2023-06-28-14h02m29s237.png,tennis,centerline_fit,-1,,,0.621,True
vlcsnap-2023-06-28-14h02m34s841.png,tennis,centerline_fit,-1,,,0.724,True
vlcsnap-2023-06-28-14h02m43s842.png,tennis,centerline_fit,-1,,,0.658,True
vlcsnap-2023-06-28-14h02m53s158.png,tennis,centerline_fit,-1,,,0.759,True
vlcsnap-2023-06-28-14h02m58s364.png,tennis,centerline_fit,-1,,,0.51,True
vlcsnap-2023-06-28-14h03m03s787.png,tennis,centerline_fit,-1,,,0.5,True
vlcsnap-2023-06-28-14h03m14s124.png,tennis,centerline_fit,-1,,,0.565,True
vlcsnap-2023-06-28-14h03m31s178.png,tennis,centerline_fit,-1,,,0.696,True
vlcsnap-2023-06-28-14h13m01s066.png,tennis,centerline_fit,-1,,,0.517,True
vlcsnap-2023-06-28-14h13m06s317.png,tennis,centerline_fit,-1,,,0.503,True
vlcsnap-2023-06-28-14h13m15s430.png,tennis,centerline_fit,-1,,,0.503,True
vlcsnap-2023-06-28-14h13m21s943.png,tennis,centerline_fit,-1,,,0.514,True
vlcsnap-2023-06-28-14h13m26s100.png,tennis,centerline_fit,-1,,,0.448,True
vlcsnap-2023-06-28-14h13m36s098.png,tennis,centerline_fit,-1,,,0.491,True
vlcsnap-2023-06-28-14h13m40s907.png,tennis,centerline_fit,-1,,,0.527,True
vlcsnap-2023-06-28-14h13m46s711.png,tennis,centerline_fit,-1,,,0.571,True
