image_id,video_id,label_studio_id,exist,colour,rotation,occlusion,synthetic,players,original,origid,shuttle_exist,gender,background_colour,test
6,0,1,Yes,Red,No,No,No,2,Yes,1,Yes,Men,Grey,False
10,0,2,Yes,Red,No,No,No,2,No,1,No,Men,Grey,False
12,0,3,Yes,Red,No,No,No,2,No,1,Yes,Men,Grey,False
14,0,4,Yes,Red,No,No,No,2,No,1,Yes,Men,Grey,False
15,0,5,Yes,Red,No,No,No,2,No,1,No,Men,Grey,False
18,0,6,Yes,Red,No,No,No,2,No,1,Yes,Men,Grey,False
20,0,7,Yes,Red,No,No,No,2,No,1,No,Men,Grey,False
23,0,8,Yes,Red,No,No,No,2,No,1,No,Men,Grey,False
26,0,9,Yes,Red,No,No,No,2,No,1,Yes,Men,Grey,False
28,0,10,Yes,Red,No,No,No,2,No,1,No,Men,Grey,False
29,0,11,Yes,Red,No,No,No,2,No,1,Yes,Men,Grey,False
30,0,12,Yes,Red,No,No,No,2,No,1,No,Men,Grey,False
31,0,13,Yes,Red,No,No,No,2,No,1,No,Men,Grey,False
34,0,14,Yes,Red,No,No,No,2,No,1,Yes,Men,Grey,False
38,0,15,Yes,Red,No,No,No,2,No,1,Yes,Men,Grey,False
40,0,16,Yes,Red,No,No,No,2,No,1,No,Men,Grey,False
46,0,17,Yes,Red,No,No,No,2,No,1,Yes,Men,Grey,False
47,0,18,Yes,Red,No,No,No,2,No,1,Yes,Men,Grey,False
49,0,19,Yes,Red,No,No,No,2,No,1,Yes,Men,Grey,False
50,0,20,Yes,Red,No,No,No,2,No,1,Yes,Men,Grey,False
52,0,21,Yes,Red,No,No,No,2,No,1,Yes,Men,Grey,False
57,0,22,Yes,Red,No,No,No,2,No,1,Yes,Men,Grey,False
73,1,23,Yes,Green,No,No,No,2,Yes,23,Yes,Men,Blue,False
74,1,24,Yes,Green,No,No,No,2,No,23,Yes,Men,Blue,False
75,1,25,Yes,Green,No,No,No,2,No,23,Yes,Men,Blue,False
81,1,26,Yes,Green,No,No,No,2,No,23,Yes,Men,Blue,False
82,1,27,Yes,Green,No,No,No,2,No,23,Yes,Men,Blue,False
83,1,28,Yes,Green,No,No,No,2,No,23,Yes,Men,Blue,False
84,1,29,Yes,Green,No,No,No,2,No,23,No,Men,Blue,False
87,1,30,Yes,Green,No,No,No,2,No,23,Yes,Men,Blue,False
88,1,31,Yes,Green,No,No,No,2,No,23,Yes,Men,Blue,False
89,1,32,Yes,Green,No,No,No,2,No,23,Yes,Men,Blue,False
91,1,33,Yes,Green,No,No,No,2,No,23,Yes,Men,Blue,False
92,1,34,Yes,Green,No,No,No,2,No,23,No,Men,Blue,False
94,1,35,Yes,Green,No,No,No,2,No,23,No,Men,Blue,False
95,1,36,Yes,Green,No,No,No,2,No,23,No,Men,Blue,False
96,1,37,Yes,Green,No,No,No,2,No,23,No,Men,Blue,False
98,1,38,Yes,Green,No,No,No,2,No,23,Yes,Men,Blue,False
109,2,39,Yes,Green,No,No,No,2,Yes,39,Yes,Men,Blue,False
115,2,40,Yes,Green,No,No,No,2,No,39,Yes,Men,Blue,False
117,2,41,Yes,Green,No,No,No,2,No,39,No,Men,Blue,False
119,2,42,Yes,Green,No,No,No,2,No,39,No,Men,Blue,False
123,2,43,Yes,Green,No,No,No,2,No,39,Yes,Men,Blue,False
130,2,44,Yes,Green,No,No,No,2,No,39,Yes,Men,Blue,False
153,3,46,Yes,Green,No,No,No,2,Yes,46,No,Men,Blue,False
154,3,47,Yes,Green,No,No,No,2,No,46,No,Men,Blue,False
155,3,48,Yes,Green,No,No,No,2,No,46,Yes,Men,Blue,False
156,3,49,Yes,Green,No,No,No,2,No,46,Yes,Men,Blue,False
159,3,50,Yes,Green,No,No,No,2,No,46,Yes,Men,Blue,False
161,3,51,Yes,Green,No,No,No,2,No,46,Yes,Men,Blue,False
173,3,54,Yes,Green,No,No,No,2,No,46,No,Men,Blue,False
177,3,55,Yes,Green,No,No,No,2,No,46,Yes,Men,Blue,False
179,3,56,Yes,Green,No,No,No,2,No,46,Yes,Men,Blue,False
180,3,57,Yes,Green,No,No,No,2,No,46,Yes,Men,Blue,False
182,3,58,Yes,Green,No,No,No,2,No,46,Yes,Men,Blue,False
190,4,59,Yes,Red,No,No,No,2,Yes,59,Yes,Men,Grey,True
192,4,60,Yes,Red,No,No,No,2,No,59,Yes,Men,Grey,True
193,4,61,Yes,Red,No,No,No,2,No,59,Yes,Men,Grey,True
197,4,62,Yes,Red,No,No,No,2,No,59,Yes,Men,Grey,True
199,4,63,Yes,Red,No,No,No,2,No,59,Yes,Men,Grey,True
202,4,64,Yes,Red,No,No,No,2,No,59,Yes,Men,Grey,True
204,4,65,Yes,Red,No,No,No,2,No,59,No,Men,Grey,True
206,4,66,Yes,Red,No,No,No,2,No,59,Yes,Men,Grey,True
207,4,67,Yes,Red,No,No,No,2,No,59,Yes,Men,Grey,True
224,5,68,Yes,Green,No,No,No,2,Yes,68,Yes,Men,Violet,False
226,5,69,Yes,Green,No,No,No,2,No,68,No,Men,Violet,False
236,5,70,Yes,Green,No,No,No,2,No,68,No,Men,Violet,False
237,5,71,Yes,Green,No,No,No,2,No,68,No,Men,Violet,False
244,5,72,Yes,Green,No,No,No,2,No,68,Yes,Men,Violet,False
261,6,73,Yes,Green,No,No,No,2,Yes,73,Yes,Men,Red,False
262,6,74,Yes,Green,No,No,No,2,No,73,No,Men,Red,False
266,6,75,Yes,Green,No,No,No,2,No,73,No,Men,Red,False
267,6,76,Yes,Green,No,No,No,2,No,73,No,Men,Red,False
274,6,77,Yes,Green,No,No,No,2,No,73,No,Men,Red,False
276,6,78,Yes,Green,No,No,No,2,No,73,Yes,Men,Red,False
278,6,79,Yes,Green,No,No,No,2,No,73,No,Men,Red,False
280,6,80,Yes,Green,No,No,No,2,No,73,Yes,Men,Red,False
281,6,81,Yes,Green,No,No,No,2,No,73,No,Men,Red,False
282,6,82,Yes,Green,No,No,No,2,No,73,No,Men,Red,False
290,7,83,Yes,Green,No,No,No,2,Yes,83,Yes,Men,Red,False
293,7,84,Yes,Green,No,No,No,2,No,83,Yes,Men,Red,False
294,7,85,Yes,Green,No,No,No,2,No,83,No,Men,Red,False
298,7,86,Yes,Green,No,No,No,2,No,83,Yes,Men,Red,False
300,7,87,Yes,Green,No,No,No,2,No,83,No,Men,Red,False
301,7,88,Yes,Green,No,No,No,1,No,83,No,Men,Red,False
302,7,89,Yes,Green,No,No,No,2,No,83,Yes,Men,Red,False
303,7,90,Yes,Green,No,No,No,2,No,83,Yes,Men,Red,False
309,7,91,Yes,Green,No,No,No,2,No,83,No,Men,Red,False
313,7,92,Yes,Green,No,No,No,2,No,83,Yes,Men,Red,False
316,7,93,Yes,Green,No,No,No,1,No,83,Yes,Men,Red,False
317,7,94,Yes,Green,No,No,No,2,No,83,No,Men,Red,False
318,7,95,Yes,Green,No,No,No,2,No,83,No,Men,Red,False
328,8,96,Yes,Green,No,No,No,2,Yes,96,Yes,Men,Blue,False
331,8,97,Yes,Green,No,No,No,2,No,96,No,Men,Blue,False
332,8,98,Yes,Green,No,No,No,2,No,96,Yes,Men,Blue,False
334,8,99,Yes,Green,No,No,No,2,No,96,Yes,Men,Blue,False
335,8,100,Yes,Green,No,No,No,2,No,96,No,Men,Blue,False
337,8,101,Yes,Green,No,No,No,2,No,96,Yes,Men,Blue,False
338,8,102,Yes,Green,No,No,No,2,No,96,Yes,Men,Blue,False
340,8,103,Yes,Green,No,No,No,2,No,96,Yes,Men,Blue,False
343,8,104,Yes,Green,No,No,No,2,No,96,No,Men,Blue,False
346,8,105,Yes,Green,No,No,No,2,No,96,No,Men,Blue,False
350,8,106,Yes,Green,No,No,No,2,No,96,No,Men,Blue,False
351,8,107,Yes,Green,No,No,No,2,No,96,Yes,Men,Blue,False
352,8,108,Yes,Green,No,No,No,2,No,96,No,Men,Blue,False
372,9,109,Yes,Green,No,No,No,2,Yes,109,Yes,Men,Blue,False
374,9,110,Yes,Green,No,No,No,2,No,109,Yes,Men,Blue,False
376,9,111,Yes,Green,No,No,No,2,No,109,No,Men,Blue,False
378,9,112,Yes,Green,No,No,No,2,No,109,No,Men,Blue,False
381,9,113,Yes,Green,No,No,No,2,No,109,No,Men,Blue,False
382,9,114,Yes,Green,No,No,No,2,No,109,No,Men,Blue,False
386,9,115,Yes,Green,No,No,No,2,No,109,Yes,Men,Blue,False
387,9,116,Yes,Green,No,No,No,2,No,109,No,Men,Blue,False
389,9,117,Yes,Green,No,No,No,2,No,109,Yes,Men,Blue,False
392,9,118,Yes,Green,No,No,No,2,No,109,Yes,Men,Blue,False
397,9,119,Yes,Green,No,No,No,2,No,109,Yes,Men,Blue,False
398,9,120,Yes,Green,No,No,No,1,No,109,Yes,Men,Blue,False
406,10,121,Yes,Green,No,Yes,No,4,Yes,121,Yes,Mix,Orange,False
441,11,122,Yes,Green,No,Yes,No,2,Yes,122,No,Men,Pink,False
443,11,123,Yes,Green,No,No,No,2,No,122,Yes,Men,Pink,False
446,11,124,Yes,Green,No,No,No,2,No,122,Yes,Men,Pink,False
451,11,125,Yes,Green,No,No,No,2,No,122,Yes,Men,Pink,False
452,11,126,Yes,Green,No,No,No,2,No,122,Yes,Men,Pink,False
453,11,127,Yes,Green,No,No,No,2,No,122,No,Men,Pink,False
454,11,128,Yes,Green,No,No,No,2,No,122,No,Men,Pink,False
464,11,129,Yes,Green,No,No,No,2,No,122,No,Men,Pink,False
468,11,130,Yes,Green,No,No,No,2,No,122,Yes,Men,Pink,False
470,11,131,Yes,Green,No,No,No,2,No,122,No,Men,Pink,False
473,11,132,Yes,Green,No,No,No,2,No,122,No,Men,Pink,False
474,11,133,Yes,Green,No,No,No,2,No,122,Yes,Men,Pink,False
477,11,134,Yes,Green,No,No,No,2,No,122,No,Men,Pink,False
479,11,135,Yes,Green,No,No,No,2,No,122,Yes,Men,Pink,False
482,11,136,Yes,Green,No,No,No,2,No,122,Yes,Men,Pink,False
483,11,137,Yes,Green,No,No,No,2,No,122,Yes,Men,Pink,False
487,11,138,Yes,Green,No,No,No,2,No,122,No,Men,Pink,False
489,11,139,Yes,Green,No,No,No,2,No,122,No,Men,Pink,False
491,11,140,Yes,Green,No,No,No,2,No,122,No,Men,Pink,False
498,12,141,Yes,Green,No,No,No,2,Yes,141,No,Men,Grey,False
499,12,142,Yes,Green,No,No,No,0,No,141,Yes,Men,Grey,False
500,12,143,Yes,Green,No,No,No,1,No,141,No,Men,Grey,False
501,12,144,Yes,Green,No,No,No,0,No,141,No,Men,Grey,False
502,12,145,Yes,Green,No,No,No,2,No,141,No,Men,Grey,False
503,12,146,Yes,Green,No,No,No,1,No,141,Yes,Men,Grey,False
504,12,147,Yes,Green,No,No,No,2,No,141,No,Men,Grey,False
505,12,148,Yes,Green,No,No,No,0,No,141,Yes,Men,Grey,False
506,12,149,Yes,Green,No,No,No,1,No,141,No,Men,Grey,False
507,12,150,Yes,Green,No,No,No,2,No,141,No,Men,Grey,False
508,12,151,Yes,Green,No,No,No,2,No,141,No,Men,Grey,False
509,12,152,Yes,Green,No,No,No,2,No,141,No,Men,Grey,False
510,12,153,Yes,Green,No,No,No,2,No,141,No,Men,Grey,False
511,12,154,Yes,Green,No,No,No,2,No,141,Yes,Men,Grey,False
512,12,155,Yes,Green,No,No,No,1,No,141,No,Men,Grey,False
513,12,156,Yes,Green,No,No,No,1,No,141,Yes,Men,Grey,False
514,12,157,Yes,Green,No,No,No,2,No,141,Yes,Men,Grey,False
515,12,158,Yes,Green,No,No,No,2,No,141,Yes,Men,Grey,False
516,12,159,Yes,Green,No,No,No,2,No,141,Yes,Men,Grey,False
517,12,160,Yes,Green,No,No,No,2,No,141,No,Men,Grey,False
518,12,161,Yes,Green,No,No,No,2,No,141,No,Men,Grey,False
519,12,162,Yes,Green,No,No,No,2,No,141,No,Men,Grey,False
520,12,163,Yes,Green,No,No,No,0,No,141,No,Men,Grey,False
521,12,164,Yes,Green,No,No,No,2,No,141,No,Men,Grey,False
522,12,165,Yes,Green,No,No,No,2,No,141,Yes,Men,Grey,False
523,12,166,Yes,Green,No,No,No,2,No,141,No,Men,Grey,False
524,12,167,Yes,Green,No,No,No,2,No,141,Yes,Men,Grey,False
528,13,168,No,Green,No,No,No,2,No,-1,No,Men,Blue,False
531,13,169,Yes,Green,No,No,No,4,Yes,169,No,Mix,Pink,False
539,13,170,Yes,Green,No,No,No,4,No,169,Yes,Mix,Pink,False
542,13,171,Yes,Green,No,No,No,4,No,169,No,Mix,Pink,False
551,13,172,Yes,Green,No,Yes,No,4,No,169,No,Mix,Pink,False
564,14,173,Yes,Green,No,No,No,2,Yes,173,Yes,Women,Blue,False
565,14,174,Yes,Green,No,No,No,2,No,173,No,Women,Blue,False
568,14,175,Yes,Green,No,No,No,2,No,173,No,Women,Blue,False
569,14,176,Yes,Green,No,No,No,2,No,173,No,Women,Blue,False
573,14,177,Yes,Green,No,No,No,2,No,173,No,Women,Blue,False
575,14,178,Yes,Green,No,No,No,2,No,173,No,Women,Blue,False
581,14,179,Yes,Green,No,No,No,2,No,173,Yes,Women,Blue,False
582,14,180,Yes,Green,No,No,No,2,No,173,Yes,Women,Blue,False
583,14,181,Yes,Green,No,No,No,2,No,173,No,Women,Blue,False
587,14,182,Yes,Green,No,No,No,2,No,173,Yes,Women,Blue,False
593,14,183,Yes,Green,No,No,No,2,No,173,No,Women,Blue,False
598,14,184,Yes,Green,No,No,No,2,No,173,No,Women,Blue,False
600,14,185,Yes,Green,No,No,No,1,No,173,No,Women,Blue,False
611,15,186,Yes,Green,No,No,No,2,Yes,186,No,Men,Blue,False
612,15,187,Yes,Green,No,No,No,2,No,186,No,Men,Blue,False
621,15,188,Yes,Green,No,No,No,2,No,186,Yes,Men,Blue,False
624,15,189,Yes,Green,No,No,No,2,No,186,No,Men,Blue,False
625,15,190,Yes,Green,No,No,No,2,No,186,Yes,Men,Blue,False
627,15,191,Yes,Green,No,No,No,2,No,186,Yes,Men,Blue,False
628,15,192,Yes,Green,No,No,No,1,No,186,Yes,Men,Blue,False
630,15,193,Yes,Green,No,No,No,2,No,186,Yes,Men,Blue,False
631,15,194,Yes,Green,No,No,No,2,No,186,No,Men,Blue,False
633,15,195,Yes,Green,No,No,No,2,No,186,No,Men,Blue,False
637,15,196,Yes,Green,No,No,No,2,No,186,Yes,Men,Blue,False
638,15,197,Yes,Green,No,No,No,2,No,186,No,Men,Blue,False
639,15,198,Yes,Green,No,No,No,2,No,186,Yes,Men,Blue,False
8,0,199,No,Green,No,No,No,2,No,-1,No,Men,Blue,False
16,0,200,No,Green,No,No,No,2,No,-1,No,Men,Blue,False
2,0,201,No,Green,No,No,No,2,No,-1,No,Men,Blue,False
3,0,202,No,Green,No,No,No,2,No,-1,No,Men,Blue,False
5,0,203,No,Green,No,No,No,2,No,-1,No,Men,Blue,False
0,0,204,No,Green,No,No,No,2,No,-1,No,Men,Blue,False
1,0,205,No,Green,No,No,No,2,No,-1,No,Men,Blue,False
7,0,206,No,Green,No,No,No,2,No,-1,No,Men,Blue,False
21,0,207,No,Green,No,No,No,2,No,-1,No,Men,Blue,False
27,0,208,No,Green,No,No,No,2,No,-1,No,Men,Blue,False
32,0,209,No,Green,No,No,No,2,No,-1,No,Men,Blue,False
41,0,210,No,Green,No,No,No,2,No,-1,No,Men,Blue,False
45,0,211,No,Green,No,No,No,2,No,-1,No,Men,Blue,False
69,1,212,No,Green,No,No,No,2,No,-1,No,Men,Blue,False
71,1,213,No,Green,No,No,No,2,No,-1,No,Men,Blue,False
72,1,214,No,Green,No,No,No,2,No,-1,No,Men,Blue,False
77,1,215,No,Green,No,No,No,2,No,-1,No,Men,Blue,False
80,1,216,No,Green,No,No,No,2,No,-1,No,Men,Blue,False
90,1,217,No,Green,No,No,No,2,No,-1,No,Men,Blue,False
97,1,218,No,Green,No,No,No,2,No,-1,No,Men,Blue,False
106,2,219,No,Green,No,No,No,2,No,-1,No,Men,Blue,False
121,2,220,No,Green,No,No,No,2,No,-1,No,Men,Blue,False
122,2,221,No,Green,No,No,No,2,No,-1,No,Men,Blue,False
124,2,222,No,Green,No,No,No,2,No,-1,No,Men,Blue,False
135,2,223,No,Green,No,No,No,2,No,-1,No,Men,Blue,False
136,2,224,No,Green,No,No,No,2,No,-1,No,Men,Blue,False
138,2,225,No,Green,No,No,No,2,No,-1,No,Men,Blue,False
150,3,226,No,Green,No,No,No,2,No,-1,No,Men,Blue,False
151,3,227,No,Green,No,No,No,2,No,-1,No,Men,Blue,False
157,3,228,No,Green,No,No,No,2,No,-1,No,Men,Blue,False
162,3,229,No,Green,No,No,No,2,No,-1,No,Men,Blue,False
166,3,230,No,Green,No,No,No,2,No,-1,No,Men,Blue,False
228,5,231,No,Green,No,No,No,2,No,-1,No,Men,Blue,False
229,5,232,No,Green,No,No,No,2,No,-1,No,Men,Blue,False
230,5,233,No,Green,No,No,No,2,No,-1,No,Men,Blue,False
242,5,234,No,Green,No,No,No,2,No,-1,No,Men,Blue,False
249,5,235,No,Green,No,No,No,2,No,-1,No,Men,Blue,False
252,5,236,No,Green,No,No,No,2,No,-1,No,Men,Blue,False
254,6,237,No,Green,No,No,No,2,No,-1,No,Men,Blue,False
255,6,238,No,Green,No,No,No,2,No,-1,No,Men,Blue,False
256,6,239,No,Green,No,No,No,2,No,-1,No,Men,Blue,False
260,6,240,No,Green,No,No,No,2,No,-1,No,Men,Blue,False
264,6,241,No,Green,No,No,No,2,No,-1,No,Men,Blue,False
265,6,242,No,Green,No,No,No,2,No,-1,No,Men,Blue,False
287,7,243,No,Green,No,No,No,2,No,-1,No,Men,Blue,False
291,7,244,No,Green,No,No,No,2,No,-1,No,Men,Blue,False
292,7,245,No,Green,No,No,No,2,No,-1,No,Men,Blue,False
299,7,246,No,Green,No,No,No,2,No,-1,No,Men,Blue,False
304,7,247,No,Green,No,No,No,2,No,-1,No,Men,Blue,False
315,7,248,No,Green,No,No,No,2,No,-1,No,Men,Blue,False
319,7,249,No,Green,No,No,No,2,No,-1,No,Men,Blue,False
322,7,250,No,Green,No,No,No,2,No,-1,No,Men,Blue,False
323,7,251,No,Green,No,No,No,2,No,-1,No,Men,Blue,False
324,8,252,No,Green,No,No,No,2,No,-1,No,Men,Blue,False
327,8,253,No,Green,No,No,No,2,No,-1,No,Men,Blue,False
333,8,254,No,Green,No,No,No,2,No,-1,No,Men,Blue,False
342,8,255,No,Green,No,No,No,2,No,-1,No,Men,Blue,False
345,8,256,No,Green,No,No,No,2,No,-1,No,Men,Blue,False
349,8,257,No,Green,No,No,No,2,No,-1,No,Men,Blue,False
634,15,258,No,Green,No,No,No,2,No,-1,No,Men,Blue,False
636,15,259,No,Green,No,No,No,2,No,-1,No,Men,Blue,False
643,10,260,Yes,Green,No,Yes,No,4,No,121,No,Mix,Orange,False
646,10,261,Yes,Green,No,No,No,4,No,-121,Yes,Mix,Orange,False
652,10,262,Yes,Green,No,Yes,No,4,No,121,No,Mix,Orange,False
655,10,263,Yes,Green,No,No,No,4,No,121,Yes,Mix,Orange,False
658,10,264,Yes,Green,No,No,No,4,No,121,No,Mix,Orange,False
659,10,265,Yes,Green,No,No,No,4,No,121,No,Mix,Orange,False
660,10,266,Yes,Green,No,No,No,4,No,121,No,Mix,Orange,False
667,10,267,Yes,Green,No,No,No,4,No,121,No,Mix,Orange,False
672,10,268,Yes,Green,No,No,No,4,No,121,No,Mix,Orange,False
675,10,269,Yes,Green,No,Yes,No,4,No,121,Yes,Mix,Orange,False
684,16,270,No,Green,No,No,No,2,No,-1,No,Men,Blue,True
689,16,271,No,Green,No,No,No,2,No,-1,No,Men,Blue,True
702,16,272,No,Green,No,No,No,2,No,-1,No,Men,Blue,True
705,16,273,No,Green,No,No,No,2,No,-1,No,Men,Blue,True
718,16,274,No,Green,No,No,No,2,No,-1,No,Men,Blue,True
719,16,275,No,Green,No,No,No,2,No,-1,No,Men,Blue,True
747,16,276,No,Green,No,No,No,2,No,-1,No,Men,Blue,True
750,16,277,No,Green,No,No,No,2,No,-1,No,Men,Blue,True
752,16,278,No,Green,No,No,No,2,No,-1,No,Men,Blue,True
768,17,279,No,Green,No,No,No,2,No,-1,No,Men,Blue,False
771,17,280,No,Green,No,No,No,2,No,-1,No,Men,Blue,False
774,17,281,No,Green,No,No,No,2,No,-1,No,Men,Blue,False
781,17,282,No,Green,No,No,No,2,No,-1,No,Men,Blue,False
782,17,283,No,Green,No,No,No,2,No,-1,No,Men,Blue,False
784,17,284,No,Green,No,No,No,2,No,-1,No,Men,Blue,False
786,17,285,No,Green,No,No,No,2,No,-1,No,Men,Blue,False
802,17,286,No,Green,No,No,No,2,No,-1,No,Men,Blue,False
814,17,287,No,Green,No,No,No,2,No,-1,No,Men,Blue,False
815,17,288,No,Green,No,No,No,2,No,-1,No,Men,Blue,False
824,17,289,No,Green,No,No,No,2,No,-1,No,Men,Blue,False
832,17,290,No,Green,No,No,No,2,No,-1,No,Men,Blue,False
834,18,291,No,Green,No,No,No,2,No,-1,No,Men,Blue,False
836,18,292,No,Green,No,No,No,2,No,-1,No,Men,Blue,False
837,18,293,No,Green,No,No,No,2,No,-1,No,Men,Blue,False
839,18,294,No,Green,No,No,No,2,No,-1,No,Men,Blue,False
853,18,295,No,Green,No,No,No,2,No,-1,No,Men,Blue,False
861,18,296,No,Green,No,No,No,2,No,-1,No,Men,Blue,False
879,18,297,No,Green,No,No,No,2,No,-1,No,Men,Blue,False
880,18,298,No,Green,No,No,No,2,No,-1,No,Men,Blue,False
890,18,299,No,Green,No,No,No,2,No,-1,No,Men,Blue,False
894,18,300,No,Green,No,No,No,2,No,-1,No,Men,Blue,False
916,19,301,No,Green,No,No,No,2,No,-1,No,Men,Blue,False
917,19,302,No,Green,No,No,No,2,No,-1,No,Men,Blue,False
919,19,303,No,Green,No,No,No,2,No,-1,No,Men,Blue,False
923,19,304,No,Green,No,No,No,2,No,-1,No,Men,Blue,False
925,19,305,No,Green,No,No,No,2,No,-1,No,Men,Blue,False
935,19,306,No,Green,No,No,No,2,No,-1,No,Men,Blue,False
937,19,307,No,Green,No,No,No,2,No,-1,No,Men,Blue,False
950,20,308,No,Green,No,No,No,2,No,-1,No,Men,Blue,False
951,20,309,No,Green,No,No,No,2,No,-1,No,Men,Blue,False
954,20,310,No,Green,No,No,No,2,No,-1,No,Men,Blue,False
958,20,311,No,Green,No,No,No,2,No,-1,No,Men,Blue,False
970,20,312,No,Green,No,No,No,2,No,-1,No,Men,Blue,False
971,20,313,No,Green,No,No,No,2,No,-1,No,Men,Blue,False
979,20,314,No,Green,No,No,No,2,No,-1,No,Men,Blue,False
996,20,315,No,Green,No,No,No,2,No,-1,No,Men,Blue,False
998,20,316,No,Green,No,No,No,2,No,-1,No,Men,Blue,False
1028,21,317,No,Green,No,No,No,2,No,-1,No,Men,Blue,False
1030,21,318,No,Green,No,No,No,2,No,-1,No,Men,Blue,False
1034,21,319,No,Green,No,No,No,2,No,-1,No,Men,Blue,False
1037,21,320,No,Green,No,No,No,2,No,-1,No,Men,Blue,False
1041,21,321,No,Green,No,No,No,2,No,-1,No,Men,Blue,False
1045,21,322,No,Green,No,No,No,2,No,-1,No,Men,Blue,False
1079,21,323,No,Green,No,No,No,2,No,-1,No,Men,Blue,False
1084,21,324,No,Green,No,No,No,2,No,-1,No,Men,Blue,False
1089,21,325,No,Green,No,No,No,2,No,-1,No,Men,Blue,False
1108,22,326,No,Green,No,No,No,2,No,-1,No,Men,Blue,False
1117,22,327,No,Green,No,No,No,2,No,-1,No,Men,Blue,False
1118,22,328,No,Green,No,No,No,2,No,-1,No,Men,Blue,False
1127,22,329,No,Green,No,No,No,2,No,-1,No,Men,Blue,False
1137,22,330,No,Green,No,No,No,2,No,-1,No,Men,Blue,False
1158,22,331,No,Green,No,No,No,2,No,-1,No,Men,Blue,False
1159,22,332,No,Green,No,No,No,2,No,-1,No,Men,Blue,False
1167,22,333,No,Green,No,No,No,2,No,-1,No,Men,Blue,False
1176,23,334,No,Green,No,No,No,2,No,-1,No,Men,Blue,False
1188,23,335,No,Green,No,No,No,2,No,-1,No,Men,Blue,False
1196,23,336,No,Green,No,No,No,2,No,-1,No,Men,Blue,False
1201,23,337,No,Green,No,No,No,2,No,-1,No,Men,Blue,False
1204,23,338,No,Green,No,No,No,2,No,-1,No,Men,Blue,False
1222,23,339,No,Green,No,No,No,2,No,-1,No,Men,Blue,False
1229,23,340,No,Green,No,No,No,2,No,-1,No,Men,Blue,False
1231,23,341,No,Green,No,No,No,2,No,-1,No,Men,Blue,False
1247,24,342,No,Green,No,No,No,2,No,-1,No,Men,Blue,False
1254,24,343,No,Green,No,No,No,2,No,-1,No,Men,Blue,False
1259,24,344,No,Green,No,No,No,2,No,-1,No,Men,Blue,False
1268,24,345,No,Green,No,No,No,2,No,-1,No,Men,Blue,False
1270,24,346,No,Green,No,No,No,2,No,-1,No,Men,Blue,False
1274,24,347,No,Green,No,No,No,2,No,-1,No,Men,Blue,False
1282,24,348,No,Green,No,No,No,2,No,-1,No,Men,Blue,False
1291,24,349,No,Green,No,No,No,2,No,-1,No,Men,Blue,False
1292,24,350,No,Green,No,No,No,2,No,-1,No,Men,Blue,False
1300,24,351,No,Green,No,No,No,2,No,-1,No,Men,Blue,False
1327,24,352,No,Green,No,No,No,2,No,-1,No,Men,Blue,False
1333,25,353,No,Green,No,No,No,2,No,-1,No,Men,Blue,False
1335,25,354,No,Green,No,No,No,2,No,-1,No,Men,Blue,False
1341,25,355,No,Green,No,No,No,2,No,-1,No,Men,Blue,False
1344,25,356,No,Green,No,No,No,2,No,-1,No,Men,Blue,False
1354,25,357,No,Green,No,No,No,2,No,-1,No,Men,Blue,False
1386,25,358,No,Green,No,No,No,2,No,-1,No,Men,Blue,False
1395,25,359,No,Green,No,No,No,2,No,-1,No,Men,Blue,False
1405,26,360,No,Green,No,No,No,2,No,-1,No,Men,Blue,False
1410,26,361,No,Green,No,No,No,2,No,-1,No,Men,Blue,False
1428,26,362,No,Green,No,No,No,2,No,-1,No,Men,Blue,False
1431,26,363,No,Green,No,No,No,2,No,-1,No,Men,Blue,False
1448,26,364,No,Green,No,No,No,2,No,-1,No,Men,Blue,False
1452,26,365,No,Green,No,No,No,2,No,-1,No,Men,Blue,False
1175,23,369,Yes,Green,No,No,No,3,No,387,No,Men,Yellow,False
1207,23,382,Yes,Green,No,Yes,No,4,Yes,382,No,Men,Yellow,False
1208,23,383,Yes,Green,No,No,No,4,No,387,Yes,Men,Yellow,False
1210,23,384,Yes,Green,No,No,No,4,No,387,Yes,Men,Yellow,False
1211,23,385,Yes,Green,No,No,No,4,No,387,Yes,Men,Yellow,False
1212,23,386,Yes,Green,No,No,No,4,No,387,Yes,Men,Yellow,False
1223,23,387,Yes,Green,No,No,No,4,Yes,387,Yes,Men,Yellow,False
1227,23,388,Yes,Green,No,No,No,0,No,389,No,Men,Yellow,False
1228,23,389,Yes,Green,No,No,No,0,Yes,389,No,Men,Yellow,False
1245,24,390,Yes,Red,No,No,No,2,No,418,Yes,Men,Grey,False
1253,24,391,Yes,Red,No,No,No,2,No,418,Yes,Men,Grey,False
1255,24,392,Yes,Red,No,No,No,2,No,418,Yes,Men,Grey,False
1257,24,393,Yes,Red,No,No,No,2,No,418,Yes,Men,Grey,False
1260,24,394,No,Green,No,No,No,2,No,-1,No,Men,Blue,False
1264,24,395,Yes,Red,No,No,No,2,No,418,Yes,Men,Grey,False
1265,24,396,Yes,Red,No,No,No,2,No,418,Yes,Men,Grey,False
1266,24,397,No,Green,No,No,No,2,No,-1,No,Men,Blue,False
1267,24,398,Yes,Red,No,No,No,2,No,418,Yes,Men,Grey,False
1269,24,399,Yes,Red,No,No,No,2,No,418,Yes,Men,Grey,False
1277,24,400,No,Green,No,No,No,2,No,-1,No,Men,Blue,False
1278,24,401,Yes,Red,No,No,No,2,No,418,Yes,Men,Grey,False
1280,24,402,Yes,Red,No,No,No,2,No,418,No,Men,Grey,False
1281,24,403,Yes,Red,No,No,No,2,No,418,Yes,Men,Grey,False
1283,24,404,Yes,Red,No,No,No,2,No,418,Yes,Men,Grey,False
1284,24,405,Yes,Red,No,No,No,2,No,418,No,Men,Grey,False
1295,24,406,Yes,Red,No,No,No,2,No,418,Yes,Men,Grey,False
1301,24,407,Yes,Red,No,No,No,2,No,418,No,Men,Grey,False
1302,24,408,Yes,Red,No,No,No,2,No,418,Yes,Men,Grey,False
1305,24,409,Yes,Red,No,No,No,2,No,418,No,Men,Grey,False
1308,24,410,Yes,Red,No,No,No,2,No,418,No,Men,Grey,False
1309,24,411,Yes,Red,No,No,No,2,No,418,No,Men,Grey,False
1313,24,412,Yes,Red,No,No,No,2,No,418,Yes,Men,Grey,False
1316,24,413,Yes,Red,No,No,No,2,No,418,Yes,Men,Grey,False
1317,24,414,Yes,Red,No,No,No,2,No,418,No,Men,Grey,False
1318,24,415,Yes,Red,No,No,No,2,No,418,Yes,Men,Grey,False
1319,24,416,Yes,Red,No,No,No,2,No,418,No,Men,Grey,False
1320,24,417,Yes,Red,No,No,No,2,No,418,Yes,Men,Grey,False
1324,24,418,Yes,Red,No,No,No,2,Yes,418,No,Men,Grey,False
1332,25,419,Yes,Green,No,No,No,4,No,442,Yes,Women,Red,False
1336,25,420,Yes,Green,No,No,No,4,No,442,No,Women,Red,False
1338,25,421,Yes,Green,No,No,No,4,No,442,Yes,Women,Red,False
1342,25,422,Yes,Green,No,No,No,4,No,442,Yes,Women,Red,False
1347,25,423,Yes,Green,No,No,No,4,No,442,Yes,Women,Red,False
1348,25,424,Yes,Green,No,No,No,4,No,442,Yes,Women,Red,False
1349,25,425,Yes,Green,No,No,No,4,No,442,No,Women,Red,False
1350,25,426,Yes,Green,No,No,No,4,No,442,Yes,Women,Red,False
1352,25,427,Yes,Green,No,No,No,4,No,442,Yes,Women,Red,False
1356,25,428,Yes,Green,No,No,No,4,No,442,Yes,Women,Red,False
1360,25,429,Yes,Green,No,No,No,4,No,442,No,Women,Red,False
1362,25,430,Yes,Green,No,Yes,No,4,No,442,No,Women,Red,False
1364,25,431,Yes,Green,No,No,No,4,No,442,Yes,Women,Red,False
1367,25,432,Yes,Green,No,No,No,4,No,442,Yes,Women,Red,False
1368,25,433,Yes,Green,No,No,No,4,No,442,Yes,Women,Red,False
1371,25,434,Yes,Green,No,No,No,3,No,442,No,Women,Red,False
1374,25,435,Yes,Green,No,No,No,4,No,442,No,Women,Red,False
1376,25,436,Yes,Green,No,No,No,4,No,442,Yes,Women,Red,False
1378,25,437,Yes,Green,No,No,No,4,No,442,Yes,Men,Red,False
1382,25,438,Yes,Green,No,No,No,4,No,442,No,Women,Red,False
1384,25,439,Yes,Green,No,No,No,4,No,442,Yes,Women,Red,False
1387,25,440,Yes,Green,No,No,No,4,No,442,No,Women,Red,False
1390,25,441,Yes,Green,No,No,No,4,No,442,No,Women,Red,False
1391,25,442,Yes,Green,No,Yes,No,4,Yes,442,No,Women,Red,False
1413,26,443,Yes,Green,No,No,No,2,No,460,No,Men,Red,False
1415,26,444,Yes,Green,No,No,No,2,No,460,No,Men,Red,False
1417,26,445,Yes,Green,No,No,No,2,No,460,Yes,Men,Red,False
1418,26,446,Yes,Green,No,No,No,2,No,460,Yes,Men,Red,False
1419,26,447,Yes,Green,No,No,No,1,No,460,Yes,Men,Red,False
1420,26,448,Yes,Green,No,No,No,2,No,460,No,Men,Red,False
1426,26,449,Yes,Green,No,No,No,2,No,460,No,Men,Red,False
1427,26,450,Yes,Green,No,No,No,2,No,460,Yes,Men,Red,False
1430,26,451,Yes,Green,No,No,No,2,No,460,Yes,Men,Red,False
1435,26,452,Yes,Green,No,No,No,2,No,460,Yes,Men,Red,False
1436,26,453,Yes,Green,No,No,No,1,No,460,Yes,Men,Red,False
1437,26,454,Yes,Green,No,No,No,2,No,460,Yes,Men,Red,False
1439,26,455,Yes,Green,No,No,No,1,No,460,Yes,Men,Red,False
1442,26,456,Yes,Green,No,No,No,2,No,460,No,Men,Red,False
1445,26,457,Yes,Green,No,No,No,1,No,460,Yes,Men,Red,False
1447,26,458,Yes,Green,No,No,No,2,No,460,No,Men,Red,False
1449,26,459,Yes,Green,No,No,No,2,No,460,No,Men,Red,False
1450,26,460,Yes,Green,No,No,No,2,Yes,460,No,Men,Red,False
840,18,461,Yes,Green,No,No,No,4,No,479,No,Women,Pink,False
842,18,462,Yes,Green,No,No,No,4,No,479,No,Women,Pink,False
843,18,463,Yes,Green,No,Yes,No,4,No,479,No,Women,Pink,False
844,18,464,Yes,Green,No,No,No,4,No,479,No,Women,Pink,False
845,18,465,Yes,Green,No,No,No,4,No,479,No,Women,Pink,False
846,18,466,Yes,Green,No,No,No,4,No,479,No,Women,Pink,False
848,18,467,Yes,Green,No,No,No,4,No,479,Yes,Women,Pink,False
850,18,468,Yes,Green,No,No,No,4,No,479,No,Women,Pink,False
852,18,469,Yes,Green,No,No,No,4,No,479,Yes,Women,Pink,False
857,18,470,Yes,Green,No,Yes,No,4,No,479,No,Women,Pink,False
867,18,471,Yes,Green,No,No,No,4,No,479,No,Women,Pink,False
870,18,472,Yes,Green,No,No,No,4,No,479,Yes,Women,Pink,False
874,18,473,Yes,Green,No,No,No,4,No,479,No,Women,Pink,False
877,18,474,Yes,Green,No,No,No,4,No,479,Yes,Women,Pink,False
883,18,475,Yes,Green,No,No,No,4,No,479,Yes,Women,Pink,False
886,18,476,Yes,Green,No,No,No,4,No,479,Yes,Women,Pink,False
893,18,477,Yes,Green,No,No,No,4,No,479,Yes,Women,Pink,False
898,18,478,Yes,Green,No,No,No,3,No,479,No,Women,Pink,False
900,18,479,Yes,Green,No,Yes,No,4,Yes,479,No,Women,Pink,False
912,19,480,Yes,Red,No,No,No,4,No,487,Yes,Men,Grey,False
915,19,481,Yes,Red,No,No,No,4,No,487,No,Men,Grey,False
918,19,482,Yes,Red,No,No,No,4,No,487,No,Men,Grey,False
920,19,483,Yes,Red,No,Yes,No,4,No,487,No,Men,Grey,False
922,19,484,Yes,Red,No,No,No,4,No,487,No,Men,Grey,False
927,19,485,Yes,Red,No,No,No,4,No,487,Yes,Men,Grey,False
929,19,486,Yes,Red,No,No,No,4,No,487,Yes,Men,Grey,False
938,19,487,Yes,Red,No,No,No,3,Yes,487,Yes,Men,Grey,False
957,20,488,Yes,Green,No,No,No,2,No,509,Yes,Men,Red,False
962,20,489,Yes,Green,No,No,No,2,No,509,No,Men,Red,False
963,20,490,Yes,Green,No,No,No,2,No,509,Yes,Men,Red,False
964,20,491,Yes,Green,No,No,No,2,No,509,Yes,Men,Red,False
965,20,492,Yes,Green,No,No,No,2,No,509,Yes,Men,Red,False
966,20,493,Yes,Green,No,No,No,2,No,509,Yes,Men,Red,False
973,20,494,Yes,Green,No,No,No,2,No,509,Yes,Men,Red,False
975,20,495,Yes,Green,No,No,No,2,No,507,Yes,Men,Red,False
976,20,496,Yes,Green,No,No,No,2,No,509,Yes,Men,Red,False
978,20,497,Yes,Green,No,No,No,2,No,509,No,Men,Red,False
980,20,498,Yes,Green,No,No,No,2,No,509,Yes,Men,Red,False
985,20,499,Yes,Green,No,No,No,1,No,504,Yes,Men,Red,False
988,20,500,Yes,Green,No,No,No,2,No,509,Yes,Men,Red,False
991,20,501,Yes,Green,No,No,No,2,No,509,No,Men,Red,False
992,20,502,Yes,Green,No,No,No,2,No,509,Yes,Men,Red,False
999,20,503,Yes,Green,No,No,No,2,No,509,Yes,Men,Red,False
1000,20,504,Yes,Green,No,No,No,2,No,509,Yes,Men,Red,False
1001,20,505,Yes,Green,No,No,No,2,No,509,Yes,Men,Red,False
1003,20,506,Yes,Green,No,No,No,2,No,509,Yes,Men,Red,False
1005,20,507,Yes,Green,No,No,No,2,No,509,Yes,Men,Red,False
1007,20,508,Yes,Green,No,No,No,2,No,509,No,Men,Red,False
1008,20,509,Yes,Green,No,No,No,2,Yes,509,No,Men,Red,False
1031,21,510,Yes,Green,No,No,No,4,No,524,Yes,Men,Violet,False
1032,21,511,Yes,Green,No,No,No,4,No,524,Yes,Men,Violet,False
1035,21,512,Yes,Green,No,No,No,4,No,524,No,Men,Violet,False
1046,21,513,Yes,Green,No,No,No,4,No,524,Yes,Men,Violet,False
1051,21,514,Yes,Green,No,No,No,4,No,524,Yes,Men,Violet,False
1053,21,515,Yes,Green,No,No,No,4,No,524,No,Men,Violet,False
1054,21,516,Yes,Green,No,No,No,4,No,524,No,Men,Violet,False
1065,21,517,Yes,Green,No,No,No,4,No,524,Yes,Men,Violet,False
1066,21,518,Yes,Green,No,No,No,4,No,524,No,Men,Violet,False
1067,21,519,Yes,Green,No,No,No,4,No,524,No,Men,Violet,False
1068,21,520,Yes,Green,No,No,No,4,No,524,No,Men,Violet,False
1071,21,522,Yes,Green,No,No,No,4,No,524,No,Men,Violet,False
1080,21,523,Yes,Green,No,No,No,4,No,524,No,Men,Violet,False
1081,21,524,Yes,Green,No,No,No,4,Yes,524,Yes,Men,Violet,False
1101,22,525,Yes,Red,No,No,No,2,No,547,Yes,Men,Grey,False
1103,22,526,Yes,Red,No,No,No,2,No,547,No,Men,Grey,False
1110,22,527,Yes,Red,No,No,No,2,No,547,Yes,Men,Grey,False
1114,22,528,Yes,Red,No,No,No,2,No,547,Yes,Men,Grey,False
1115,22,529,Yes,Red,No,No,No,2,No,547,Yes,Men,Grey,False
1116,22,530,Yes,Red,No,No,No,2,No,547,Yes,Men,Grey,False
1120,22,531,Yes,Red,No,No,No,2,No,547,No,Men,Grey,False
1121,22,532,Yes,Red,No,No,No,2,No,547,No,Men,Grey,False
1122,22,533,Yes,Red,No,No,No,2,No,547,Yes,Men,Grey,False
1128,22,534,Yes,Red,No,No,No,2,No,547,Yes,Men,Grey,False
1134,22,535,Yes,Red,No,No,No,2,No,547,Yes,Men,Grey,False
1136,22,536,Yes,Red,No,No,No,2,No,547,No,Men,Grey,False
1140,22,537,Yes,Red,No,No,No,2,No,547,Yes,Men,Grey,False
1141,22,538,Yes,Red,No,No,No,2,No,547,Yes,Men,Grey,False
1143,22,539,Yes,Red,No,No,No,2,No,547,No,Men,Grey,False
1144,22,540,Yes,Red,No,No,No,2,No,547,Yes,Men,Grey,False
1149,22,541,Yes,Red,No,No,No,2,No,547,Yes,Men,Grey,False
1151,22,542,Yes,Red,No,No,No,2,No,547,Yes,Men,Grey,False
1152,22,543,Yes,Red,No,No,No,2,No,547,No,Men,Grey,False
1155,22,544,Yes,Red,No,No,No,2,No,547,Yes,Men,Grey,False
1157,22,545,Yes,Red,No,No,No,2,No,547,No,Men,Grey,False
1160,22,546,Yes,Red,No,No,No,2,No,547,Yes,Men,Grey,False
1162,22,547,Yes,Red,No,No,No,2,Yes,547,Yes,Men,Grey,False
690,16,548,Yes,Green,No,No,No,4,No,562,No,Mix,Red,True
699,16,549,Yes,Green,No,No,No,4,No,562,Yes,Mix,Red,True
700,16,550,Yes,Green,No,No,No,4,No,562,No,Mix,Red,True
701,16,551,Yes,Green,No,No,No,4,No,562,Yes,Mix,Red,True
704,16,552,Yes,Green,No,Yes,No,4,No,562,No,Mix,Red,True
707,16,553,Yes,Green,No,No,No,4,No,562,No,Mix,Red,True
710,16,554,Yes,Green,No,No,No,3,No,562,No,Mix,Red,True
716,16,555,Yes,Green,No,No,No,4,No,562,Yes,Mix,Red,True
722,16,556,Yes,Green,No,No,No,4,No,562,Yes,Mix,Red,True
725,16,557,Yes,Green,No,No,No,4,No,562,Yes,Mix,Red,True
731,16,558,Yes,Green,No,No,No,4,No,562,Yes,Mix,Red,True
736,16,559,Yes,Green,No,No,No,4,No,562,No,Mix,Pink,True
737,16,560,Yes,Green,No,No,No,4,No,562,No,Mix,Red,True
741,16,561,Yes,Green,No,No,No,4,No,562,Yes,Mix,Red,True
745,16,562,Yes,Green,No,No,No,4,Yes,562,No,Mix,Red,True
775,17,563,Yes,Red,No,No,No,4,No,583,Yes,Men,Grey,False
776,17,564,Yes,Red,No,No,No,4,No,583,Yes,Men,Grey,False
780,17,565,Yes,Red,No,No,No,4,No,583,Yes,Men,Grey,False
785,17,566,Yes,Red,No,No,No,4,No,583,Yes,Men,Grey,False
788,17,567,Yes,Red,No,No,No,4,No,583,Yes,Men,Grey,False
793,17,568,Yes,Red,No,No,No,4,No,583,Yes,Men,Grey,False
796,17,569,Yes,Red,No,No,No,4,No,583,Yes,Men,Grey,False
800,17,570,Yes,Red,No,No,No,1,No,583,Yes,Men,Grey,False
801,17,571,Yes,Red,No,No,No,4,No,583,Yes,Men,Grey,False
804,17,572,Yes,Red,No,No,No,4,No,583,Yes,Men,Grey,False
806,17,573,Yes,Red,No,Yes,No,4,No,583,Yes,Men,Grey,False
809,17,574,Yes,Red,No,No,No,4,No,583,Yes,Men,Grey,False
810,17,575,Yes,Red,No,No,No,2,No,583,Yes,Men,Grey,False
813,17,576,Yes,Red,No,No,No,4,No,583,Yes,Men,Grey,False
816,17,577,Yes,Red,No,No,No,4,No,583,Yes,Men,Grey,False
821,17,578,Yes,Red,No,No,No,4,No,583,Yes,Men,Grey,False
822,17,579,Yes,Red,No,No,No,4,No,583,Yes,Men,Grey,False
823,17,580,Yes,Red,No,No,No,4,No,583,Yes,Men,Grey,False
825,17,581,Yes,Red,No,No,No,4,No,583,Yes,Men,Grey,False
827,17,582,Yes,Red,No,No,No,4,No,583,Yes,Men,Grey,False
829,17,583,Yes,Red,No,Yes,No,4,Yes,583,Yes,Men,Grey,False
1070,21,584,Yes,Green,No,No,No,4,No,524,Yes,Men,Violet,False
