image_id,split,group
001.png,val,g0205
002.png,val,g0205
003.png,train,g0206
004.png,train,g0206
005.png,train,g0207
006.png,train,g0208
007.png,train,g0209
008.png,train,g0210
009.png,train,g0211
010.png,val,g0212
011.png,train,g0213
012.png,val,g0214
013.png,train,g0215
014.png,train,g0216
015.png,train,g0216
016.png,train,g0217
017.png,train,g0218
018.png,train,g0219
019.png,train,g0219
020.png,train,g0220
021.png,train,g0221
022.png,train,g0222
023.png,train,g0223
024.png,train,g0224
025.png,train,g0225
026.png,train,g0226
027.png,train,g0226
028.png,train,g0227
029.png,train,g0227
030.png,train,g0228
031.png,train,g0228
032.png,train,g0229
033.png,train,g0230
034.png,train,g0231
035.png,train,g0231
036.png,train,g0232
037.png,train,g0232
038.png,train,g0233
039.png,train,g0233
040.png,train,g0234
041.png,train,g0235
042.png,train,g0236
043.png,train,g0237
044.png,train,g0237
045.png,train,g0238
046.png,train,g0239
047.png,train,g0239
048.png,train,g0240
049.png,train,g0241
050.png,train,g0241
051.png,train,g0241
052.png,train,g0242
053.png,train,g0242
054.png,train,g0242
055.png,train,g0242
056.png,train,g0242
057.png,train,g0243
058.png,train,g0243
059.png,train,g0243
060.png,train,g0243
061.png,train,g0243
062.png,train,g0243
063.png,train,g0244
064.png,train,g0244
065.png,train,g0244
066.png,train,g0244
067.png,train,g0244
068.png,train,g0244
069.png,train,g0244
070.png,train,g0244
071.png,train,g0245
072.png,train,g0245
073.png,train,g0245
074.png,train,g0245
075.png,train,g0245
076.png,train,g0245
077.png,train,g0245
078.png,train,g0245
079.png,train,g0245
080.png,train,g0245
081.png,val,g0246
082.png,val,g0246
083.png,val,g0246
084.png,val,g0246
085.png,val,g0246
086.png,val,g0246
087.png,val,g0246
088.png,val,g0246
089.png,val,g0246
090.png,val,g0246
091.png,val,g0246
092.png,val,g0246
093.png,val,g0246
094.png,val,g0246
095.png,val,g0246
096.png,val,g0246
097.png,val,g0246
098.png,train,g0247
099.png,train,g0247
100.png,train,g0247
101.png,train,g0247
102.png,train,g0247
103.png,train,g0247
104.png,train,g0247
105.png,train,g0247
106.png,train,g0247
107.png,train,g0248
108.png,train,g0249
109.png,train,g0250
110.png,train,g0251
111.png,train,g0251
112.png,train,g0251
113.png,train,g0252
114.png,train,g0253
115.png,train,g0253
116.png,train,g0253
117.png,train,g0253
118.png,train,g0254
119.png,train,g0254
120.png,train,g0254
121.png,train,g0255
122.png,train,g0256
123.png,val,g0257
124.png,val,g0257
125.png,val,g0257
126.png,val,g0257
127.png,val,g0257
128.png,val,g0257
129.png,val,g0257
130.png,val,g0257
131.png,val,g0257
132.png,val,g0257
133.png,val,g0257
134.png,val,g0257
135.png,val,g0257
136.png,val,g0257
137.png,val,g0257
138.png,val,g0257
139.png,val,g0257
140.png,val,g0257
141.png,val,g0257
142.png,val,g0257
143.png,val,g0257
144.png,val,g0257
145.png,val,g0257
146.png,train,g0258
147.png,train,g0258
148.png,train,g0258
149.png,train,g0258
150.png,train,g0258
151.png,train,g0258
152.png,train,g0258
153.png,train,g0258
154.png,train,g0258
155.png,train,g0258
156.png,train,g0258
157.png,train,g0258
158.png,train,g0258
159.png,train,g0258
160.png,train,g0258
161.png,train,g0258
162.png,train,g0258
163.png,train,g0258
164.png,train,g0258
165.png,train,g0258
166.png,train,g0258
167.png,train,g0259
168.png,train,g0259
169.png,train,g0259
170.png,train,g0259
171.png,train,g0259
172.png,train,g0260
173.png,train,g0260
174.png,train,g0261
175.png,train,g0261
176.png,train,g0261
177.png,train,g0261
178.png,train,g0261
179.png,train,g0261
180.png,train,g0261
181.png,train,g0261
182.png,train,g0261
183.png,train,g0261
184.png,train,g0261
185.png,train,g0261
186.png,train,g0261
187.png,train,g0261
188.png,train,g0261
189.png,train,g0261
190.png,train,g0261
191.png,train,g0261
192.png,train,g0261
193.png,train,g0261
194.png,train,g0261
195.png,train,g0261
196.png,train,g0262
197.png,train,g0262
198.png,train,g0262
199.png,train,g0262
200.png,train,g0262
201.png,train,g0262
202.png,train,g0262
203.png,train,g0262
204.png,train,g0262
205.png,train,g0262
206.png,train,g0262
207.png,train,g0262
208.png,train,g0262
209.png,train,g0262
210.png,train,g0262
211.png,train,g0262
212.png,train,g0262
213.png,train,g0262
214.png,train,g0262
215.png,train,g0262
216.png,train,g0262
217.png,train,g0262
218.png,train,g0262
219.png,train,g0262
220.png,train,g0262
221.png,train,g0262
222.png,train,g0263
223.png,train,g0263
224.png,train,g0263
225.png,train,g0263
226.png,train,g0263
227.png,train,g0263
228.png,train,g0263
229.png,train,g0263
230.png,train,g0263
231.png,train,g0263
232.png,train,g0263
233.png,train,g0263
234.png,train,g0263
235.png,train,g0263
236.png,train,g0263
237.png,train,g0263
238.png,train,g0263
239.png,train,g0263
240.png,train,g0263
241.png,train,g0263
242.png,train,g0263
243.png,train,g0263
244.png,train,g0263
245.png,train,g0263
246.png,train,g0263
247.png,train,g0264
248.png,train,g0264
249.png,train,g0264
250.png,train,g0264
251.png,train,g0264
252.png,train,g0265
253.png,train,g0266
254.png,train,g0267
255.png,train,g0268
256.png,train,g0268
257.png,train,g0268
258.png,train,g0268
259.png,train,g0268
260.png,train,g0268
261.png,train,g0268
262.png,train,g0268
263.png,train,g0269
264.png,train,g0269
265.png,train,g0269
266.png,train,g0270
267.png,train,g0270
268.png,train,g0270
269.png,train,g0270
270.png,train,g0271
271.png,train,g0271
272.png,train,g0271
273.png,train,g0271
274.png,train,g0271
275.png,train,g0271
276.png,train,g0271
277.png,train,g0271
278.png,train,g0272
279.png,train,g0272
280.png,train,g0272
281.png,train,g0272
282.png,train,g0272
283.png,train,g0272
284.png,train,g0272
285.png,train,g0272
286.png,test,g0272
287.png,test,g0272
288.png,test,g0272
289.png,test,g0272
290.png,test,g0272
291.png,test,g0272
292.png,test,g0272
293.png,test,g0272
294.png,test,g0272
295.png,test,g0272
296.png,test,g0272
297.png,test,g0272
298.png,test,g0272
299.png,test,g0272
300.png,test,g0272
301.png,test,g0272
302.png,test,g0272
303.png,test,g0272
304.png,test,g0272
305.png,test,g0272
306.png,test,g0272
307.png,test,g0272
308.png,test,g0272
309.png,test,g0272
310.png,test,g0272
311.png,test,g0272
312.png,test,g0272
313.png,test,g0272
314.png,test,g0272
315.png,test,g0273
316.png,test,g0274
317.png,test,g0274
318.png,test,g0274
319.png,test,g0274
320.png,test,g0274
321.png,test,g0274
322.png,test,g0274
323.png,test,g0274
324.png,test,g0274
325.png,test,g0275
326.png,test,g0275
327.png,test,g0275
328.png,test,g0275
329.png,test,g0275
330.png,test,g0275
331.png,test,g0275
332.png,test,g0275
333.png,test,g0276
334.png,test,g0276
335.png,test,g0276
336.png,test,g0276
337.png,test,g0276
338.png,test,g0276
339.png,test,g0276
340.png,test,g0276
341.png,test,g0276
342.png,test,g0276
343.png,test,g0276
344.png,test,g0276
345.png,test,g0276
346.png,test,g0276
347.png,test,g0276
348.png,test,g0276
349.png,test,g0276
350.png,test,g0276
351.png,test,g0276
352.png,test,g0276
353.png,test,g0276
354.png,test,g0276
355.png,test,g0276
356.png,test,g0276
357.png,test,g0276
358.png,test,g0276
359.png,test,g0276
360.png,test,g0276
361.png,test,g0276
362.png,test,g0276
363.png,test,g0276
364.png,test,g0276
365.png,test,g0276
366.png,test,g0276
367.png,test,g0276
368.png,test,g0276
vlcsnap-2023-06-28-14h02m29s237.png,test,g0001
vlcsnap-2023-06-28-14h02m34s841.png,test,g0002
vlcsnap-2023-06-28-14h02m43s842.png,test,g0002
vlcsnap-2023-06-28-14h02m53s158.png,test,g0003
vlcsnap-2023-06-28-14h02m58s364.png,test,g0004
vlcsnap-2023-06-28-14h03m03s787.png,test,g0005
vlcsnap-2023-06-28-14h03m14s124.png,test,g0006
vlcsnap-2023-06-28-14h03m31s178.png,test,g0007
vlcsnap-2023-06-28-14h05m36s421.png,train,g0008
vlcsnap-2023-06-28-14h05m42s530.png,train,g0008
vlcsnap-2023-06-28-14h05m49s815.png,train,g0009
vlcsnap-2023-06-28-14h05m57s628.png,train,g0010
vlcsnap-2023-06-28-14h06m01s930.png,train,g0010
vlcsnap-2023-06-28-14h06m05s423.png,train,g0010
vlcsnap-2023-06-28-14h06m10s560.png,train,g0010
vlcsnap-2023-06-28-14h06m16s309.png,train,g0011
vlcsnap-2023-06-28-14h06m20s116.png,train,g0012
vlcsnap-2023-06-28-14h06m23s593.png,train,g0013
vlcsnap-2023-06-28-14h06m35s418.png,train,g0014
vlcsnap-2023-06-28-14h06m40s288.png,train,g0015
vlcsnap-2023-06-28-14h06m44s817.png,train,g0016
vlcsnap-2023-06-28-14h06m48s264.png,train,g0017
vlcsnap-2023-06-28-14h07m00s344.png,train,g0018
vlcsnap-2023-06-28-14h09m32s502.png,train,g0019
vlcsnap-2023-06-28-14h09m40s015.png,train,g0020
vlcsnap-2023-06-28-14h09m46s779.png,train,g0021
vlcsnap-2023-06-28-14h09m50s583.png,train,g0022
vlcsnap-2023-06-28-14h09m58s901.png,train,g0023
vlcsnap-2023-06-28-14h10m03s317.png,train,g0024
vlcsnap-2023-06-28-14h10m08s269.png,train,g0024
vlcsnap-2023-06-28-14h10m15s788.png,train,g0024
vlcsnap-2023-06-28-14h10m19s922.png,train,g0025
vlcsnap-2023-06-28-14h10m28s996.png,train,g0026
vlcsnap-2023-06-28-14h10m33s572.png,train,g0027
vlcsnap-2023-06-28-14h10m38s812.png,train,g0028
vlcsnap-2023-06-28-14h10m42s641.png,train,g0029
vlcsnap-2023-06-28-14h10m47s418.png,train,g0029
vlcsnap-2023-06-28-14h10m53s478.png,train,g0029
vlcsnap-2023-06-28-14h10m58s446.png,train,g0029
vlcsnap-2023-06-28-14h11m07s512.png,train,g0030
vlcsnap-2023-06-28-14h11m17s609.png,train,g0031
vlcsnap-2023-06-28-14h12m32s504.png,train,g0032
vlcsnap-2023-06-28-14h12m39s730.png,train,g0032
vlcsnap-2023-06-28-14h12m44s005.png,train,g0032
vlcsnap-2023-06-28-14h12m48s943.png,train,g0032
vlcsnap-2023-06-28-14h12m53s598.png,train,g0032
vlcsnap-2023-06-28-14h13m01s066.png,test,g0033
vlcsnap-2023-06-28-14h13m06s317.png,test,g0034
vlcsnap-2023-06-28-14h13m15s430.png,test,g0035
vlcsnap-2023-06-28-14h13m21s943.png,test,g0036
vlcsnap-2023-06-28-14h13m26s100.png,test,g0037
vlcsnap-2023-06-28-14h13m36s098.png,test,g0038
vlcsnap-2023-06-28-14h13m40s907.png,test,g0038
vlcsnap-2023-06-28-14h13m46s711.png,test,g0039
vlcsnap-2023-06-28-14h13m54s487.png,train,g0040
vlcsnap-2023-06-28-14h14m00s646.png,train,g0041
vlcsnap-2023-06-28-14h14m05s677.png,train,g0041
vlcsnap-2023-06-28-14h14m12s248.png,train,g0042
vlcsnap-2023-06-28-14h14m16s234.png,train,g0043
vlcsnap-2023-06-28-14h14m20s396.png,train,g0044
vlcsnap-2023-06-28-14h14m27s995.png,train,g0044
vlcsnap-2023-06-28-14h14m32s360.png,train,g0045
vlcsnap-2023-06-28-14h14m40s248.png,train,g0045
vlcsnap-2023-06-28-14h14m47s264.png,train,g0046
vlcsnap-2023-06-28-14h14m57s790.png,train,g0046
vlcsnap-2023-06-28-14h15m03s236.png,train,g0047
vlcsnap-2023-06-28-14h15m13s571.png,train,g0048
vlcsnap-2023-06-28-14h15m18s481.png,train,g0049
vlcsnap-2023-06-28-14h15m59s974.png,val,g0050
vlcsnap-2023-06-28-14h16m06s755.png,train,g0051
vlcsnap-2023-06-28-14h16m11s518.png,train,g0052
vlcsnap-2023-06-28-14h16m16s178.png,train,g0053
vlcsnap-2023-06-28-14h16m22s323.png,train,g0054
vlcsnap-2023-06-28-14h16m26s304.png,train,g0055
vlcsnap-2023-06-28-14h16m30s487.png,val,g0056
vlcsnap-2023-06-28-14h16m40s686.png,val,g0056
vlcsnap-2023-06-28-14h16m44s910.png,train,g0057
vlcsnap-2023-06-28-14h16m55s952.png,train,g0058
vlcsnap-2023-06-28-14h19m09s168.png,train,g0059
vlcsnap-2023-06-28-14h19m24s453.png,train,g0059
vlcsnap-2023-06-28-14h19m30s959.png,train,g0059
vlcsnap-2023-06-28-14h19m36s821.png,train,g0059
vlcsnap-2023-06-28-14h19m41s744.png,train,g0059
vlcsnap-2023-06-28-14h19m49s818.png,train,g0059
vlcsnap-2023-06-28-14h20m03s692.png,train,g0059
vlcsnap-2023-06-28-14h20m12s565.png,train,g0059
vlcsnap-2023-06-28-14h20m18s895.png,train,g0059
vlcsnap-2023-06-28-14h20m25s045.png,train,g0059
vlcsnap-2023-06-28-14h20m30s076.png,train,g0059
vlcsnap-2023-06-28-14h20m48s906.png,train,g0059
vlcsnap-2023-06-28-14h20m53s127.png,train,g0059
vlcsnap-2023-06-28-14h20m57s146.png,train,g0059
vlcsnap-2023-06-28-14h21m10s290.png,train,g0059
vlcsnap-2023-06-28-14h21m14s747.png,train,g0059
vlcsnap-2023-06-28-14h21m20s090.png,train,g0060
vlcsnap-2023-06-28-14h21m37s226.png,train,g0061
vlcsnap-2023-06-28-14h21m49s342.png,train,g0061
vlcsnap-2023-06-28-14h21m54s212.png,train,g0062
vlcsnap-2023-06-28-14h21m58s643.png,train,g0062
vlcsnap-2023-06-28-14h22m04s164.png,train,g0063
vlcsnap-2023-06-28-14h22m10s245.png,train,g0063
vlcsnap-2023-06-28-14h22m14s598.png,train,g0063
vlcsnap-2023-06-28-14h22m18s449.png,train,g0063
vlcsnap-2023-06-28-14h22m22s837.png,train,g0063
vlcsnap-2023-06-28-14h22m41s937.png,train,g0064
vlcsnap-2023-11-10-13h58m24s629.png,train,g0065
vlcsnap-2023-11-10-13h58m31s781.png,train,g0065
vlcsnap-2023-11-10-13h58m35s807.png,train,g0065
vlcsnap-2023-11-10-13h58m40s458.png,train,g0065
vlcsnap-2023-11-10-13h59m45s818.png,train,g0066
vlcsnap-2023-11-10-13h59m49s557.png,train,g0066
vlcsnap-2023-11-10-14h00m04s213.png,train,g0066
vlcsnap-2023-11-10-14h00m09s317.png,train,g0066
vlcsnap-2023-11-10-14h00m17s022.png,train,g0066
vlcsnap-2023-11-10-14h00m23s210.png,train,g0066
vlcsnap-2023-11-10-14h00m27s072.png,train,g0066
vlcsnap-2023-11-10-14h00m31s764.png,train,g0066
vlcsnap-2023-11-10-14h00m36s197.png,train,g0066
vlcsnap-2023-11-10-14h00m41s543.png,train,g0066
vlcsnap-2023-11-10-14h01m51s757.png,train,g0067
vlcsnap-2023-11-10-14h01m55s944.png,train,g0067
vlcsnap-2023-11-10-14h02m00s162.png,train,g0067
vlcsnap-2023-11-10-14h02m05s706.png,train,g0067
vlcsnap-2023-11-10-14h02m10s043.png,train,g0067
vlcsnap-2023-11-10-14h02m14s571.png,train,g0067
vlcsnap-2023-11-10-14h02m20s002.png,train,g0067
vlcsnap-2023-11-10-14h02m26s284.png,train,g0067
vlcsnap-2023-11-10-14h02m31s937.png,train,g0067
vlcsnap-2023-11-10-14h02m37s289.png,train,g0067
vlcsnap-2023-11-10-14h02m42s671.png,train,g0067
vlcsnap-2023-11-10-14h02m48s101.png,train,g0067
vlcsnap-2023-11-10-14h02m53s085.png,train,g0067
vlcsnap-2023-11-10-14h03m13s659.png,val,g0068
vlcsnap-2023-11-10-14h03m19s643.png,val,g0068
vlcsnap-2023-11-10-14h03m24s991.png,val,g0068
vlcsnap-2023-11-10-14h03m30s737.png,val,g0068
vlcsnap-2023-11-10-14h03m36s957.png,val,g0068
vlcsnap-2023-11-10-14h03m44s380.png,val,g0068
vlcsnap-2023-11-10-14h03m51s410.png,val,g0068
vlcsnap-2023-11-10-14h03m58s059.png,val,g0068
vlcsnap-2023-11-10-14h04m06s111.png,val,g0068
vlcsnap-2023-11-10-14h04m12s901.png,val,g0068
vlcsnap-2023-11-10-14h04m20s136.png,val,g0068
vlcsnap-2023-11-10-14h04m25s231.png,val,g0068
vlcsnap-2023-11-10-14h04m32s208.png,val,g0068
vlcsnap-2023-11-10-14h04m43s607.png,val,g0069
vlcsnap-2023-11-10-14h04m47s755.png,val,g0069
vlcsnap-2023-11-10-14h04m52s780.png,val,g0069
vlcsnap-2023-11-10-14h04m57s505.png,val,g0069
vlcsnap-2023-11-10-14h05m02s331.png,val,g0069
vlcsnap-2023-11-10-14h05m06s497.png,val,g0069
vlcsnap-2023-11-10-14h05m11s035.png,val,g0069
vlcsnap-2023-11-10-14h05m15s369.png,val,g0069
vlcsnap-2023-11-10-14h05m19s705.png,val,g0069
vlcsnap-2023-11-10-14h05m24s313.png,val,g0069
vlcsnap-2023-11-10-14h05m28s914.png,val,g0069
vlcsnap-2023-11-10-14h05m47s564.png,val,g0069
vlcsnap-2023-11-10-14h05m53s444.png,val,g0069
vlcsnap-2023-11-10-14h05m58s762.png,val,g0069
vlcsnap-2023-11-10-14h06m03s719.png,val,g0069
vlcsnap-2023-11-10-14h06m10s175.png,val,g0069
vlcsnap-2023-11-10-14h06m16s316.png,val,g0069
vlcsnap-2023-11-10-14h06m21s981.png,val,g0069
vlcsnap-2023-11-10-14h07m40s450.png,train,g0070
vlcsnap-2023-11-10-14h07m57s308.png,train,g0071
vlcsnap-2023-11-10-14h08m03s283.png,train,g0071
vlcsnap-2023-11-10-14h08m09s153.png,train,g0071
vlcsnap-2023-11-10-14h08m15s149.png,train,g0071
vlcsnap-2023-11-10-14h08m20s071.png,train,g0071
vlcsnap-2023-11-10-14h08m39s652.png,train,g0072
vlcsnap-2023-11-10-14h08m44s842.png,train,g0072
vlcsnap-2023-11-10-14h08m50s287.png,train,g0072
vlcsnap-2023-11-10-14h08m55s668.png,train,g0072
vlcsnap-2023-11-10-14h09m01s081.png,train,g0072
vlcsnap-2023-11-10-14h09m07s642.png,train,g0072
vlcsnap-2023-11-10-14h09m13s064.png,train,g0072
vlcsnap-2023-11-10-14h09m18s550.png,train,g0072
vlcsnap-2023-11-10-14h09m24s095.png,train,g0072
vlcsnap-2023-11-10-14h09m29s751.png,train,g0072
vlcsnap-2023-11-10-14h09m37s453.png,train,g0072
vlcsnap-2023-11-10-14h09m43s749.png,train,g0072
vlcsnap-2023-11-10-14h09m53s380.png,train,g0073
vlcsnap-2023-11-10-14h09m57s921.png,train,g0073
vlcsnap-2023-11-10-14h10m02s186.png,train,g0073
vlcsnap-2023-11-10-14h10m06s501.png,train,g0073
vlcsnap-2023-11-10-14h10m10s962.png,train,g0073
vlcsnap-2023-11-10-14h10m14s595.png,train,g0073
vlcsnap-2023-11-10-14h10m24s842.png,train,g0074
vlcsnap-2023-11-10-14h10m28s708.png,train,g0074
vlcsnap-2023-11-10-14h10m33s588.png,train,g0074
vlcsnap-2023-11-10-14h10m40s603.png,train,g0074
vlcsnap-2023-11-10-14h10m46s720.png,train,g0074
vlcsnap-2023-11-10-14h10m53s147.png,train,g0074
vlcsnap-2023-11-10-14h10m59s245.png,train,g0074
vlcsnap-2023-11-10-14h11m31s810.png,train,g0075
vlcsnap-2023-11-10-14h11m37s260.png,train,g0075
vlcsnap-2023-11-10-14h11m45s152.png,train,g0075
vlcsnap-2023-11-10-14h11m52s886.png,train,g0075
vlcsnap-2023-11-10-14h12m03s007.png,train,g0075
vlcsnap-2023-11-10-14h12m21s225.png,train,g0076
vlcsnap-2023-11-10-14h12m26s180.png,train,g0077
vlcsnap-2023-11-10-14h12m33s502.png,train,g0078
vlcsnap-2023-11-13-13h45m46s683.png,train,g0079
vlcsnap-2023-11-13-13h45m50s373.png,train,g0079
vlcsnap-2023-11-13-13h45m57s333.png,train,g0079
vlcsnap-2023-11-13-13h46m00s704.png,train,g0079
vlcsnap-2023-11-13-13h46m43s495.png,train,g0080
vlcsnap-2023-11-13-13h46m48s051.png,train,g0080
vlcsnap-2023-11-13-13h46m52s712.png,train,g0080
vlcsnap-2023-11-13-13h47m01s814.png,train,g0080
vlcsnap-2023-11-13-13h47m59s915.png,train,g0081
vlcsnap-2023-11-13-13h48m08s520.png,train,g0081
vlcsnap-2023-11-13-13h48m16s023.png,train,g0081
vlcsnap-2023-11-13-13h48m25s175.png,train,g0081
vlcsnap-2023-11-13-13h48m55s152.png,val,g0082
vlcsnap-2023-11-13-13h49m08s724.png,val,g0082
vlcsnap-2023-11-13-13h49m18s084.png,val,g0082
vlcsnap-2023-11-13-13h49m21s617.png,val,g0082
vlcsnap-2023-11-13-13h50m09s627.png,train,g0083
vlcsnap-2023-11-13-13h50m26s356.png,val,g0084
vlcsnap-2023-11-13-13h50m30s576.png,val,g0084
vlcsnap-2023-11-13-13h50m35s043.png,val,g0084
vlcsnap-2023-11-13-13h50m43s363.png,val,g0084
vlcsnap-2023-11-13-13h53m49s274.png,train,g0085
vlcsnap-2023-11-13-13h53m53s201.png,train,g0085
vlcsnap-2023-11-13-13h53m56s886.png,train,g0085
vlcsnap-2023-11-13-13h54m07s422.png,train,g0085
vlcsnap-2023-11-13-13h54m11s317.png,train,g0085
vlcsnap-2023-11-13-13h54m15s259.png,train,g0085
vlcsnap-2023-11-13-13h54m21s595.png,train,g0085
vlcsnap-2023-11-13-13h54m39s152.png,train,g0085
vlcsnap-2023-11-13-13h54m45s388.png,train,g0085
vlcsnap-2023-11-13-13h54m50s882.png,train,g0085
vlcsnap-2023-11-13-13h55m11s729.png,train,g0085
vlcsnap-2023-11-13-13h55m28s181.png,train,g0085
vlcsnap-2023-11-13-13h55m33s785.png,train,g0085
vlcsnap-2023-11-13-13h55m38s464.png,train,g0085
vlcsnap-2023-11-13-13h55m44s782.png,train,g0085
vlcsnap-2023-11-13-13h55m56s712.png,train,g0086
vlcsnap-2023-11-13-13h56m02s391.png,train,g0086
vlcsnap-2023-11-13-13h56m06s697.png,train,g0086
vlcsnap-2023-11-13-13h56m12s832.png,train,g0086
vlcsnap-2023-11-13-13h56m29s550.png,train,g0086
vlcsnap-2023-11-13-13h56m33s190.png,train,g0086
vlcsnap-2023-11-13-13h56m37s261.png,train,g0086
vlcsnap-2023-11-13-13h56m41s378.png,train,g0086
vlcsnap-2023-11-13-13h56m50s818.png,train,g0086
vlcsnap-2023-11-13-13h57m03s886.png,train,g0087
vlcsnap-2023-11-13-13h57m08s612.png,train,g0087
vlcsnap-2023-11-13-13h57m14s161.png,train,g0087
vlcsnap-2023-11-13-13h57m25s262.png,train,g0087
vlcsnap-2023-11-13-13h57m33s839.png,train,g0087
vlcsnap-2023-11-13-14h02m22s949.png,train,g0088
vlcsnap-2023-11-13-14h02m26s619.png,train,g0088
vlcsnap-2023-11-13-14h02m30s217.png,train,g0088
vlcsnap-2023-11-13-14h02m35s640.png,train,g0088
vlcsnap-2023-11-13-14h07m49s561.png,train,g0089
vlcsnap-2023-11-13-14h08m01s185.png,train,g0090
vlcsnap-2023-11-13-14h08m08s346.png,train,g0090
vlcsnap-2023-11-13-14h08m13s866.png,train,g0090
vlcsnap-2023-11-13-14h08m20s865.png,train,g0090
vlcsnap-2023-11-13-14h08m26s285.png,train,g0090
vlcsnap-2023-11-13-14h08m59s163.png,train,g0091
vlcsnap-2023-11-13-14h09m04s639.png,train,g0091
vlcsnap-2023-11-13-14h09m09s714.png,train,g0091
vlcsnap-2023-11-13-14h09m24s127.png,train,g0091
vlcsnap-2023-11-13-14h09m39s690.png,train,g0092
vlcsnap-2023-11-13-14h09m43s472.png,train,g0092
vlcsnap-2023-11-13-14h09m48s540.png,train,g0092
vlcsnap-2023-11-13-14h09m53s266.png,train,g0092
vlcsnap-2023-11-13-14h10m08s953.png,train,g0092
vlcsnap-2023-11-13-14h10m14s373.png,train,g0092
vlcsnap-2023-11-13-14h10m19s906.png,train,g0092
vlcsnap-2023-11-13-14h10m24s239.png,train,g0092
vlcsnap-2023-11-13-14h10m29s940.png,train,g0092
vlcsnap-2023-11-13-14h10m49s277.png,train,g0093
vlcsnap-2023-11-13-14h10m54s860.png,train,g0093
vlcsnap-2023-11-13-14h11m02s894.png,train,g0094
vlcsnap-2023-11-13-14h11m08s984.png,train,g0094
vlcsnap-2023-11-13-14h11m53s021.png,train,g0095
vlcsnap-2023-11-13-14h11m57s722.png,train,g0095
vlcsnap-2023-11-13-14h12m02s808.png,train,g0095
vlcsnap-2023-11-13-14h12m15s114.png,train,g0095
vlcsnap-2023-11-13-14h12m44s222.png,train,g0096
vlcsnap-2023-11-13-14h12m49s497.png,train,g0096
vlcsnap-2023-11-13-14h12m55s364.png,train,g0096
vlcsnap-2023-11-13-14h13m01s872.png,train,g0096
vlcsnap-2023-11-13-14h13m12s826.png,train,g0097
vlcsnap-2023-11-13-14h13m16s661.png,train,g0097
vlcsnap-2023-11-13-14h13m21s321.png,train,g0097
vlcsnap-2023-11-13-14h13m32s976.png,train,g0097
vlcsnap-2023-11-13-14h13m58s551.png,train,g0098
vlcsnap-2023-11-13-14h14m03s293.png,train,g0098
vlcsnap-2023-11-13-14h14m08s483.png,train,g0098
vlcsnap-2023-11-13-14h15m24s231.png,train,g0099
vlcsnap-2023-11-13-14h15m44s650.png,val,g0100
vlcsnap-2023-11-13-14h15m49s141.png,val,g0100
vlcsnap-2023-11-13-14h15m53s321.png,val,g0100
vlcsnap-2023-11-13-14h15m59s568.png,val,g0100
vlcsnap-2023-11-13-14h16m16s298.png,train,g0101
vlcsnap-2023-11-13-14h16m20s977.png,train,g0101
vlcsnap-2023-11-13-14h16m26s811.png,train,g0101
vlcsnap-2023-11-13-14h16m35s154.png,train,g0101
vlcsnap-2023-11-13-14h16m56s425.png,val,g0102
vlcsnap-2023-11-13-14h17m02s529.png,val,g0102
vlcsnap-2023-11-13-14h17m08s168.png,val,g0102
vlcsnap-2023-11-13-14h17m14s789.png,val,g0102
vlcsnap-2023-11-13-14h17m32s565.png,train,g0103
vlcsnap-2023-11-13-14h17m38s235.png,train,g0103
vlcsnap-2023-11-13-14h17m43s563.png,train,g0103
vlcsnap-2023-11-13-14h17m50s070.png,train,g0103
vlcsnap-2023-11-13-14h18m02s851.png,train,g0104
vlcsnap-2023-11-13-14h18m41s771.png,train,g0105
vlcsnap-2023-11-13-14h18m46s233.png,train,g0105
vlcsnap-2023-11-13-14h18m59s318.png,train,g0106
vlcsnap-2023-11-13-14h19m05s788.png,train,g0106
vlcsnap-2023-11-13-14h19m11s111.png,train,g0106
vlcsnap-2023-11-13-14h19m48s240.png,train,g0107
vlcsnap-2023-11-13-14h19m54s571.png,train,g0107
vlcsnap-2023-11-13-14h20m00s004.png,train,g0107
vlcsnap-2023-11-13-14h20m06s262.png,train,g0107
vlcsnap-2023-11-13-14h20m36s776.png,train,g0108
vlcsnap-2023-11-13-14h20m46s079.png,train,g0108
vlcsnap-2023-11-13-14h20m52s129.png,train,g0108
vlcsnap-2023-11-13-14h20m59s136.png,train,g0108
vlcsnap-2023-11-13-14h21m16s969.png,train,g0109
vlcsnap-2023-11-13-14h21m27s119.png,train,g0109
vlcsnap-2023-11-13-14h21m32s506.png,train,g0109
vlcsnap-2023-11-13-14h21m43s078.png,train,g0109
vlcsnap-2023-11-13-14h22m01s164.png,train,g0110
vlcsnap-2023-11-13-14h22m07s402.png,train,g0110
vlcsnap-2023-11-13-14h22m12s736.png,train,g0110
vlcsnap-2023-11-13-14h22m19s371.png,train,g0110
vlcsnap-2023-11-13-14h22m37s184.png,val,g0111
vlcsnap-2023-11-13-14h22m46s350.png,val,g0111
vlcsnap-2023-11-13-14h22m52s866.png,val,g0111
vlcsnap-2023-11-13-14h23m03s064.png,val,g0111
vlcsnap-2023-11-13-14h23m20s336.png,train,g0112
vlcsnap-2023-11-13-14h23m27s405.png,train,g0112
vlcsnap-2023-11-13-14h23m34s876.png,train,g0112
vlcsnap-2023-11-13-14h23m40s418.png,train,g0112
vlcsnap-2023-11-13-14h24m01s685.png,train,g0112
vlcsnap-2023-11-13-14h24m12s904.png,train,g0112
vlcsnap-2023-11-13-14h24m17s871.png,train,g0112
vlcsnap-2023-11-13-14h24m24s121.png,train,g0112
vlcsnap-2023-11-13-14h25m23s121.png,train,g0113
vlcsnap-2023-11-13-14h25m45s705.png,train,g0113
vlcsnap-2023-11-13-14h25m56s961.png,train,g0113
vlcsnap-2023-11-13-14h26m04s992.png,train,g0113
vlcsnap-2023-11-13-14h26m20s392.png,train,g0114
vlcsnap-2023-11-13-14h26m25s684.png,train,g0114
vlcsnap-2023-11-13-14h26m31s276.png,train,g0114
vlcsnap-2023-11-13-14h26m39s441.png,train,g0114
vlcsnap-2023-11-13-14h26m52s522.png,train,g0114
vlcsnap-2023-11-13-14h26m58s746.png,train,g0114
vlcsnap-2023-11-13-14h27m03s773.png,train,g0114
vlcsnap-2023-11-13-14h27m09s512.png,train,g0114
vlcsnap-2023-11-13-14h27m24s674.png,val,g0115
vlcsnap-2023-11-13-14h27m30s567.png,val,g0115
vlcsnap-2023-11-13-14h27m36s141.png,val,g0115
vlcsnap-2023-11-13-14h27m45s765.png,val,g0115
vlcsnap-2023-11-13-14h28m10s831.png,train,g0116
vlcsnap-2023-11-13-14h28m16s383.png,train,g0116
vlcsnap-2023-11-13-14h28m22s612.png,train,g0116
vlcsnap-2023-11-13-14h29m12s791.png,train,g0117
vlcsnap-2023-11-13-14h29m32s712.png,train,g0118
vlcsnap-2023-11-13-14h29m37s252.png,train,g0118
vlcsnap-2023-11-13-14h29m42s370.png,train,g0118
vlcsnap-2023-11-13-14h29m47s301.png,train,g0118
vlcsnap-2023-11-14-16h00m48s832.png,train,g0119
vlcsnap-2023-11-14-16h00m54s040.png,train,g0119
vlcsnap-2023-11-14-16h00m59s177.png,train,g0119
vlcsnap-2023-11-14-16h01m03s586.png,train,g0119
vlcsnap-2023-11-14-16h01m20s645.png,train,g0119
vlcsnap-2023-11-14-16h01m27s111.png,train,g0119
vlcsnap-2023-11-14-16h01m32s258.png,train,g0119
vlcsnap-2023-11-14-16h01m36s242.png,train,g0119
vlcsnap-2023-11-14-16h01m48s606.png,train,g0120
vlcsnap-2023-11-14-16h01m56s631.png,train,g0120
vlcsnap-2023-11-14-16h02m01s002.png,train,g0120
vlcsnap-2023-11-14-16h02m34s822.png,train,g0121
vlcsnap-2023-11-14-16h03m01s343.png,train,g0122
vlcsnap-2023-11-14-16h03m06s045.png,train,g0122
vlcsnap-2023-11-14-16h03m10s221.png,train,g0122
vlcsnap-2023-11-14-16h03m18s853.png,train,g0122
vlcsnap-2023-11-14-16h03m38s394.png,train,g0123
vlcsnap-2023-11-14-16h03m43s632.png,train,g0123
vlcsnap-2023-11-14-16h03m55s530.png,train,g0123
vlcsnap-2023-11-14-16h04m19s294.png,train,g0124
vlcsnap-2023-11-14-16h04m24s304.png,train,g0124
vlcsnap-2023-11-14-16h04m29s060.png,train,g0124
vlcsnap-2023-11-14-16h04m40s982.png,train,g0124
vlcsnap-2023-11-14-16h05m11s197.png,val,g0125
vlcsnap-2023-11-14-16h05m18s096.png,val,g0125
vlcsnap-2023-11-14-16h05m22s205.png,val,g0125
vlcsnap-2023-11-14-16h05m25s891.png,val,g0125
vlcsnap-2023-11-14-16h05m56s789.png,train,g0126
vlcsnap-2023-11-14-16h06m16s155.png,train,g0127
vlcsnap-2023-11-14-16h06m21s966.png,train,g0127
vlcsnap-2023-11-14-16h06m28s408.png,train,g0127
vlcsnap-2023-11-14-16h06m46s889.png,train,g0127
vlcsnap-2023-11-14-16h07m07s157.png,train,g0128
vlcsnap-2023-11-14-16h07m15s161.png,train,g0128
vlcsnap-2023-11-14-16h07m20s432.png,train,g0128
vlcsnap-2023-11-14-16h07m26s429.png,train,g0128
vlcsnap-2023-11-14-16h07m46s218.png,train,g0129
vlcsnap-2023-11-14-16h07m52s682.png,train,g0129
vlcsnap-2023-11-14-16h07m57s740.png,train,g0129
vlcsnap-2023-11-14-16h08m15s759.png,train,g0129
vlcsnap-2023-11-14-16h10m05s977.png,val,g0130
vlcsnap-2023-11-14-16h10m10s508.png,val,g0130
vlcsnap-2023-11-14-16h10m15s378.png,val,g0130
vlcsnap-2023-11-14-16h10m40s844.png,train,g0131
vlcsnap-2023-11-14-16h10m45s504.png,train,g0131
vlcsnap-2023-11-14-16h10m50s602.png,train,g0131
vlcsnap-2023-11-14-16h10m55s976.png,train,g0131
vlcsnap-2023-11-14-16h11m26s213.png,train,g0132
vlcsnap-2023-11-14-16h11m48s960.png,train,g0132
vlcsnap-2023-11-14-16h11m55s320.png,train,g0132
vlcsnap-2023-11-14-16h12m21s602.png,train,g0133
vlcsnap-2023-11-14-16h12m29s327.png,train,g0133
vlcsnap-2023-11-14-16h12m34s574.png,train,g0133
vlcsnap-2023-11-14-16h12m47s966.png,train,g0133
vlcsnap-2023-11-14-16h13m11s183.png,train,g0134
vlcsnap-2023-11-14-16h13m17s795.png,train,g0134
vlcsnap-2023-11-14-16h13m23s697.png,train,g0134
vlcsnap-2023-11-14-16h13m30s075.png,train,g0134
vlcsnap-2023-11-14-16h13m48s829.png,train,g0135
vlcsnap-2023-11-14-16h13m55s247.png,train,g0135
vlcsnap-2023-11-14-16h14m00s761.png,train,g0135
vlcsnap-2023-11-14-16h15m31s853.png,train,g0136
vlcsnap-2023-11-14-16h15m37s733.png,train,g0136
vlcsnap-2023-11-14-16h15m43s676.png,train,g0136
vlcsnap-2023-11-14-16h15m49s862.png,train,g0136
vlcsnap-2023-11-14-16h16m15s943.png,train,g0136
vlcsnap-2023-11-14-16h16m20s934.png,train,g0136
vlcsnap-2023-11-14-16h16m25s210.png,train,g0136
vlcsnap-2023-11-14-16h16m46s047.png,train,g0136
vlcsnap-2023-11-14-16h17m13s312.png,train,g0136
vlcsnap-2023-11-14-16h17m20s476.png,train,g0136
vlcsnap-2023-11-14-16h17m24s931.png,train,g0136
vlcsnap-2023-11-14-16h17m38s575.png,train,g0136
vlcsnap-2023-11-14-16h17m58s515.png,train,g0137
vlcsnap-2023-11-14-16h18m03s451.png,train,g0137
vlcsnap-2023-11-14-16h18m07s924.png,train,g0137
vlcsnap-2023-11-14-16h18m12s796.png,train,g0137
vlcsnap-2023-11-14-16h18m25s628.png,train,g0137
vlcsnap-2023-11-14-16h18m31s594.png,train,g0137
vlcsnap-2023-11-14-16h18m36s964.png,train,g0137
vlcsnap-2023-11-14-16h18m58s252.png,train,g0137
vlcsnap-2023-11-14-16h19m10s783.png,val,g0138
vlcsnap-2023-11-14-16h19m17s372.png,val,g0138
vlcsnap-2023-11-14-16h19m26s384.png,val,g0138
vlcsnap-2023-11-14-16h19m33s549.png,val,g0138
vlcsnap-2023-11-14-16h19m48s241.png,val,g0138
vlcsnap-2023-11-14-16h19m52s799.png,val,g0138
vlcsnap-2023-11-14-16h19m57s828.png,val,g0138
vlcsnap-2023-11-14-16h20m17s603.png,val,g0138
vlcsnap-2023-11-14-16h20m33s919.png,train,g0139
vlcsnap-2023-11-14-16h20m40s762.png,train,g0139
vlcsnap-2023-11-14-16h20m46s267.png,train,g0139
vlcsnap-2023-11-14-16h20m55s549.png,train,g0139
vlcsnap-2023-11-14-16h21m06s976.png,val,g0140
vlcsnap-2023-11-14-16h21m12s699.png,val,g0140
vlcsnap-2023-11-14-16h21m18s255.png,val,g0140
vlcsnap-2023-11-14-16h21m29s722.png,val,g0140
vlcsnap-2023-11-14-16h21m34s388.png,val,g0140
vlcsnap-2023-11-14-16h21m39s554.png,val,g0140
vlcsnap-2023-11-14-16h22m52s120.png,train,g0141
vlcsnap-2023-11-14-16h22m58s258.png,train,g0141
vlcsnap-2023-11-14-16h23m03s254.png,train,g0141
vlcsnap-2023-11-14-16h23m13s561.png,train,g0141
vlcsnap-2023-11-20-12h13m58s867.png,val,g0142
vlcsnap-2023-11-20-12h14m08s245.png,val,g0142
vlcsnap-2023-11-20-12h14m13s722.png,val,g0142
vlcsnap-2023-11-20-12h14m21s030.png,val,g0142
vlcsnap-2023-11-20-12h14m44s125.png,val,g0142
vlcsnap-2023-11-20-12h14m48s847.png,val,g0142
vlcsnap-2023-11-20-12h14m55s036.png,val,g0142
vlcsnap-2023-11-20-12h15m11s640.png,val,g0142
vlcsnap-2023-11-20-12h15m21s843.png,train,g0143
vlcsnap-2023-11-20-12h15m27s878.png,train,g0143
vlcsnap-2023-11-20-12h15m35s352.png,train,g0143
vlcsnap-2023-11-20-12h15m40s812.png,train,g0143
vlcsnap-2023-11-20-12h15m53s920.png,train,g0143
vlcsnap-2023-11-20-12h16m02s645.png,train,g0143
vlcsnap-2023-11-20-12h16m08s459.png,train,g0143
vlcsnap-2023-11-20-12h16m25s987.png,train,g0143
vlcsnap-2023-11-20-12h16m39s802.png,train,g0143
vlcsnap-2023-11-20-12h16m44s757.png,train,g0143
vlcsnap-2023-11-20-12h16m49s716.png,train,g0143
vlcsnap-2023-11-20-12h16m54s743.png,train,g0143
vlcsnap-2023-11-20-12h17m08s627.png,train,g0143
vlcsnap-2023-11-20-12h17m14s311.png,train,g0143
vlcsnap-2023-11-20-12h17m18s928.png,train,g0143
vlcsnap-2023-11-20-12h17m23s744.png,train,g0143
vlcsnap-2023-11-20-12h17m37s708.png,train,g0143
vlcsnap-2023-11-20-12h18m06s718.png,train,g0143
vlcsnap-2023-11-20-12h18m11s200.png,train,g0143
vlcsnap-2023-11-20-12h18m14s993.png,train,g0143
vlcsnap-2023-11-20-12h18m29s965.png,train,g0143
vlcsnap-2023-11-20-12h18m36s948.png,train,g0143
vlcsnap-2023-11-20-12h18m41s824.png,train,g0143
vlcsnap-2023-11-20-12h18m45s971.png,train,g0143
vlcsnap-2023-11-20-12h19m06s381.png,train,g0143
vlcsnap-2023-11-20-12h19m13s162.png,train,g0143
vlcsnap-2023-11-20-12h19m19s162.png,train,g0143
vlcsnap-2023-11-20-12h19m23s682.png,train,g0143
vlcsnap-2023-11-20-12h19m35s710.png,train,g0143
vlcsnap-2023-11-20-12h19m41s603.png,train,g0143
vlcsnap-2023-11-20-12h19m46s709.png,train,g0143
vlcsnap-2023-11-20-12h19m55s986.png,train,g0143
vlcsnap-2023-11-20-12h20m07s954.png,train,g0143
vlcsnap-2023-11-20-12h20m14s107.png,train,g0143
vlcsnap-2023-11-20-12h20m18s492.png,train,g0143
vlcsnap-2023-11-20-12h20m26s770.png,train,g0143
vlcsnap-2023-11-20-12h20m38s948.png,train,g0143
vlcsnap-2023-11-20-12h20m45s219.png,train,g0143
vlcsnap-2023-11-20-12h20m59s141.png,train,g0143
vlcsnap-2023-11-20-12h21m04s056.png,train,g0143
vlcsnap-2023-11-20-12h21m16s122.png,train,g0143
vlcsnap-2023-11-20-12h21m21s282.png,train,g0143
vlcsnap-2023-11-20-12h21m27s265.png,train,g0143
vlcsnap-2023-11-20-12h21m42s809.png,train,g0143
vlcsnap-2023-11-20-12h21m57s534.png,train,g0144
vlcsnap-2023-11-20-12h22m02s244.png,train,g0144
vlcsnap-2023-11-20-12h22m06s751.png,train,g0144
vlcsnap-2023-11-20-12h22m11s647.png,train,g0144
vlcsnap-2023-11-20-12h22m31s677.png,train,g0145
vlcsnap-2023-11-20-12h22m37s167.png,train,g0145
vlcsnap-2023-11-20-12h22m42s645.png,train,g0145
vlcsnap-2023-11-20-12h22m46s659.png,train,g0145
vlcsnap-2023-11-20-12h23m06s753.png,train,g0146
vlcsnap-2023-11-20-12h23m11s219.png,train,g0146
vlcsnap-2023-11-20-12h23m21s790.png,train,g0146
vlcsnap-2023-11-20-12h23m25s533.png,train,g0146
vlcsnap-2023-11-20-12h23m37s504.png,train,g0147
vlcsnap-2023-11-20-12h23m42s236.png,train,g0147
vlcsnap-2023-11-20-12h23m47s165.png,train,g0147
vlcsnap-2023-11-20-12h23m51s258.png,train,g0147
vlcsnap-2023-11-20-12h24m02s126.png,train,g0148
vlcsnap-2023-11-20-12h24m12s698.png,train,g0148
vlcsnap-2023-11-20-12h24m18s835.png,train,g0148
vlcsnap-2023-11-20-12h24m23s695.png,train,g0148
vlcsnap-2023-11-20-12h24m37s057.png,train,g0149
vlcsnap-2023-11-20-12h24m41s652.png,train,g0149
vlcsnap-2023-11-20-12h24m45s729.png,train,g0149
vlcsnap-2023-11-20-12h24m52s965.png,train,g0150
vlcsnap-2023-11-20-12h25m06s609.png,train,g0151
vlcsnap-2023-11-20-12h25m11s066.png,train,g0151
vlcsnap-2023-11-20-12h25m15s224.png,train,g0151
vlcsnap-2023-11-20-12h25m40s809.png,train,g0151
vlcsnap-2023-11-20-12h25m49s863.png,train,g0152
vlcsnap-2023-11-20-12h25m59s864.png,train,g0152
vlcsnap-2023-11-20-12h26m14s710.png,train,g0152
vlcsnap-2023-11-20-12h26m41s466.png,train,g0152
vlcsnap-2023-11-20-12h26m59s503.png,train,g0152
vlcsnap-2023-11-20-12h27m03s973.png,train,g0152
vlcsnap-2023-11-20-12h27m07s264.png,train,g0152
vlcsnap-2023-11-20-12h27m10s789.png,train,g0152
vlcsnap-2023-11-20-12h27m20s252.png,train,g0152
vlcsnap-2023-11-20-12h27m23s893.png,train,g0152
vlcsnap-2023-11-20-12h27m27s945.png,train,g0152
vlcsnap-2023-11-20-12h27m36s927.png,train,g0152
vlcsnap-2023-11-20-12h27m46s361.png,train,g0153
vlcsnap-2023-11-20-12h27m50s477.png,train,g0153
vlcsnap-2023-11-20-12h27m53s879.png,train,g0153
vlcsnap-2023-11-20-12h27m57s921.png,train,g0153
vlcsnap-2023-11-20-12h28m09s133.png,train,g0154
vlcsnap-2023-11-20-12h28m14s435.png,train,g0154
vlcsnap-2023-11-20-12h28m18s847.png,train,g0154
vlcsnap-2023-11-20-12h28m23s227.png,train,g0154
vlcsnap-2023-11-20-12h28m38s639.png,train,g0154
vlcsnap-2023-11-20-12h28m43s106.png,train,g0154
vlcsnap-2023-11-20-12h28m47s912.png,train,g0154
vlcsnap-2023-11-20-12h28m52s428.png,train,g0154
vlcsnap-2023-11-20-12h29m03s669.png,train,g0154
vlcsnap-2023-11-20-12h29m07s466.png,train,g0154
vlcsnap-2023-11-20-12h29m11s204.png,train,g0154
vlcsnap-2023-11-20-12h29m22s274.png,train,g0154
vlcsnap-2023-11-20-12h29m32s473.png,train,g0154
vlcsnap-2023-11-20-12h29m36s775.png,train,g0154
vlcsnap-2023-11-20-12h29m40s290.png,train,g0154
vlcsnap-2023-11-20-12h29m46s766.png,train,g0154
vlcsnap-2023-11-27-16h15m44s582.png,train,g0155
vlcsnap-2023-11-27-16h15m54s840.png,train,g0155
vlcsnap-2023-11-27-16h15m58s586.png,train,g0155
vlcsnap-2023-11-27-16h16m23s493.png,train,g0155
vlcsnap-2023-11-27-16h16m33s174.png,train,g0155
vlcsnap-2023-11-27-16h16m37s023.png,train,g0155
vlcsnap-2023-11-27-16h16m40s574.png,train,g0155
vlcsnap-2023-11-27-16h18m39s789.png,train,g0156
vlcsnap-2023-11-27-16h18m44s904.png,train,g0156
vlcsnap-2023-11-27-16h18m50s159.png,train,g0156
vlcsnap-2023-11-27-16h20m51s242.png,val,g0157
vlcsnap-2023-11-27-16h20m56s288.png,val,g0157
vlcsnap-2023-11-27-16h21m01s656.png,val,g0157
vlcsnap-2023-11-27-16h21m05s812.png,val,g0157
vlcsnap-2023-11-27-16h21m21s087.png,train,g0158
vlcsnap-2023-11-27-16h21m32s785.png,train,g0158
vlcsnap-2023-11-27-16h21m39s372.png,train,g0158
vlcsnap-2023-11-27-16h22m01s609.png,train,g0158
vlcsnap-2023-11-27-16h23m35s206.png,train,g0159
vlcsnap-2023-11-27-16h23m39s126.png,train,g0159
vlcsnap-2023-11-27-16h23m43s185.png,train,g0159
vlcsnap-2023-11-27-16h23m58s641.png,train,g0159
vlcsnap-2023-11-27-16h24m17s708.png,train,g0159
vlcsnap-2023-11-27-16h24m24s324.png,train,g0159
vlcsnap-2023-11-27-16h24m28s149.png,train,g0159
vlcsnap-2023-11-27-16h24m34s163.png,train,g0159
vlcsnap-2023-11-27-16h24m48s871.png,train,g0160
vlcsnap-2023-11-27-16h24m53s889.png,train,g0160
vlcsnap-2023-11-27-16h24m57s566.png,train,g0160
vlcsnap-2023-11-27-16h25m23s352.png,train,g0160
vlcsnap-2023-11-27-16h25m48s421.png,train,g0160
vlcsnap-2023-11-27-16h25m58s494.png,train,g0160
vlcsnap-2023-11-27-16h26m03s173.png,train,g0160
vlcsnap-2023-11-27-16h26m08s771.png,train,g0160
vlcsnap-2023-11-27-16h26m39s405.png,train,g0161
vlcsnap-2023-11-27-16h27m58s920.png,train,g0162
vlcsnap-2023-11-27-16h28m03s073.png,train,g0162
vlcsnap-2023-11-27-16h28m09s129.png,train,g0163
vlcsnap-2023-11-27-16h28m33s703.png,train,g0164
vlcsnap-2023-11-27-16h28m38s584.png,train,g0164
vlcsnap-2023-11-27-16h29m00s224.png,train,g0164
vlcsnap-2023-11-27-16h29m09s151.png,train,g0164
vlcsnap-2023-11-27-16h29m22s739.png,train,g0165
vlcsnap-2023-11-27-16h29m26s810.png,train,g0165
vlcsnap-2023-11-27-16h29m34s951.png,train,g0165
vlcsnap-2023-11-27-16h29m49s863.png,train,g0166
vlcsnap-2023-11-27-16h29m55s437.png,train,g0166
vlcsnap-2023-11-27-16h29m59s093.png,train,g0166
vlcsnap-2023-11-27-16h30m03s502.png,train,g0166
vlcsnap-2023-11-27-16h30m07s908.png,train,g0166
vlcsnap-2023-11-27-16h34m38s170.png,train,g0167
vlcsnap-2023-11-27-16h34m43s317.png,train,g0167
vlcsnap-2023-11-27-16h34m47s356.png,train,g0167
vlcsnap-2023-11-27-16h34m51s680.png,train,g0167
vlcsnap-2023-11-27-16h34m56s587.png,train,g0167
vlcsnap-2023-11-27-16h35m15s932.png,train,g0168
vlcsnap-2023-11-27-16h35m24s137.png,train,g0168
vlcsnap-2023-11-27-16h35m28s637.png,train,g0169
vlcsnap-2023-11-27-16h35m38s374.png,train,g0169
vlcsnap-2023-11-27-16h35m52s017.png,train,g0169
vlcsnap-2023-11-27-16h37m17s354.png,train,g0170
vlcsnap-2023-11-27-16h37m40s366.png,train,g0170
vlcsnap-2023-11-27-16h37m46s286.png,train,g0170
vlcsnap-2023-11-27-16h38m28s537.png,train,g0171
vlcsnap-2023-11-27-16h39m01s763.png,val,g0172
vlcsnap-2023-11-27-16h39m23s458.png,train,g0173
vlcsnap-2023-11-27-16h39m28s834.png,train,g0173
vlcsnap-2023-11-27-16h39m34s829.png,train,g0173
vlcsnap-2023-11-27-16h41m52s059.png,train,g0174
vlcsnap-2023-11-27-16h42m02s911.png,train,g0174
vlcsnap-2023-11-27-16h42m44s685.png,train,g0175
vlcsnap-2023-11-27-16h42m50s949.png,train,g0175
vlcsnap-2023-11-27-16h42m57s256.png,train,g0176
vlcsnap-2023-11-27-16h43m09s484.png,train,g0177
vlcsnap-2023-11-27-16h43m14s545.png,train,g0178
vlcsnap-2023-11-27-16h45m00s785.png,train,g0179
vlcsnap-2023-11-27-16h45m08s125.png,train,g0179
vlcsnap-2023-11-27-16h45m12s039.png,train,g0179
vlcsnap-2023-11-27-16h45m17s870.png,train,g0180
vlcsnap-2023-11-27-16h45m31s144.png,val,g0181
vlcsnap-2023-11-27-16h45m37s354.png,val,g0181
vlcsnap-2023-11-27-16h45m41s414.png,val,g0181
vlcsnap-2023-11-27-16h45m46s686.png,val,g0181
vlcsnap-2023-11-27-16h45m52s345.png,val,g0181
vlcsnap-2023-11-27-16h45m55s780.png,val,g0181
vlcsnap-2023-11-27-16h46m16s845.png,train,g0182
vlcsnap-2023-11-27-16h46m22s462.png,train,g0182
vlcsnap-2023-11-27-16h46m29s347.png,train,g0182
vlcsnap-2023-11-27-16h46m35s589.png,train,g0182
vlcsnap-2023-11-27-16h46m41s607.png,train,g0182
vlcsnap-2023-11-27-16h47m06s218.png,train,g0183
vlcsnap-2023-11-27-16h47m18s998.png,train,g0183
vlcsnap-2023-11-27-16h47m32s953.png,train,g0184
vlcsnap-2023-11-27-16h47m38s590.png,train,g0184
vlcsnap-2023-11-27-16h47m42s648.png,train,g0184
vlcsnap-2023-11-27-16h48m04s148.png,train,g0184
vlcsnap-2023-11-28-13h49m39s583.png,train,g0185
vlcsnap-2023-11-28-13h49m45s876.png,train,g0185
vlcsnap-2023-11-28-13h49m49s644.png,train,g0185
vlcsnap-2023-11-28-13h50m01s918.png,train,g0185
vlcsnap-2023-11-28-13h50m32s471.png,train,g0186
vlcsnap-2023-11-28-13h50m36s480.png,train,g0186
vlcsnap-2023-11-28-13h50m49s765.png,train,g0186
vlcsnap-2023-11-28-13h51m27s311.png,train,g0187
vlcsnap-2023-11-28-13h51m32s278.png,train,g0187
vlcsnap-2023-11-28-13h51m36s326.png,train,g0187
vlcsnap-2023-11-28-13h51m48s738.png,train,g0187
vlcsnap-2023-11-28-13h57m59s664.png,train,g0188
vlcsnap-2023-11-28-13h58m36s945.png,train,g0189
vlcsnap-2023-11-28-13h58m40s987.png,train,g0189
vlcsnap-2023-11-28-13h58m44s615.png,train,g0189
vlcsnap-2023-11-28-13h59m04s630.png,train,g0190
vlcsnap-2023-11-28-13h59m08s472.png,train,g0190
vlcsnap-2023-11-28-13h59m12s358.png,train,g0190
vlcsnap-2023-11-28-13h59m16s235.png,train,g0190
vlcsnap-2023-11-28-13h59m25s121.png,train,g0191
vlcsnap-2023-11-28-13h59m28s645.png,train,g0191
vlcsnap-2023-11-28-13h59m34s908.png,train,g0191
vlcsnap-2023-11-28-13h59m45s322.png,train,g0192
vlcsnap-2023-11-28-13h59m51s996.png,train,g0192
vlcsnap-2023-11-28-13h59m56s328.png,train,g0192
vlcsnap-2023-11-28-14h00m05s121.png,train,g0193
vlcsnap-2023-11-28-14h00m10s071.png,train,g0193
vlcsnap-2023-11-28-14h00m15s284.png,train,g0193
vlcsnap-2023-11-28-14h00m19s341.png,train,g0193
vlcsnap-2023-11-28-14h08m14s920.png,train,g0194
vlcsnap-2023-11-28-14h08m22s219.png,train,g0194
vlcsnap-2023-11-28-14h08m30s400.png,train,g0194
vlcsnap-2023-11-28-14h08m34s592.png,train,g0194
vlcsnap-2023-11-28-14h08m42s228.png,train,g0194
vlcsnap-2023-11-28-14h08m46s155.png,train,g0194
vlcsnap-2023-11-28-14h08m50s326.png,train,g0194
vlcsnap-2023-11-28-14h08m57s258.png,train,g0194
vlcsnap-2023-11-28-14h09m02s924.png,train,g0194
vlcsnap-2023-11-28-14h09m11s592.png,train,g0194
vlcsnap-2023-11-28-14h09m22s496.png,train,g0194
vlcsnap-2023-11-28-14h09m28s517.png,train,g0194
vlcsnap-2023-11-28-14h09m34s040.png,train,g0194
vlcsnap-2023-11-28-14h09m39s419.png,train,g0194
vlcsnap-2023-11-28-14h09m44s353.png,train,g0194
vlcsnap-2023-11-28-14h09m48s409.png,train,g0194
vlcsnap-2023-11-28-14h09m57s729.png,train,g0194
vlcsnap-2023-11-28-14h10m03s313.png,train,g0194
vlcsnap-2023-11-28-14h10m20s102.png,val,g0195
vlcsnap-2023-11-28-14h10m28s918.png,train,g0196
vlcsnap-2023-11-28-14h10m37s185.png,train,g0196
vlcsnap-2023-11-28-14h10m46s807.png,train,g0196
vlcsnap-2023-11-28-14h10m53s572.png,train,g0196
vlcsnap-2023-11-28-14h10m57s658.png,train,g0196
vlcsnap-2023-11-28-14h11m08s066.png,train,g0196
vlcsnap-2023-11-28-14h11m13s543.png,train,g0196
vlcsnap-2023-11-28-14h11m23s704.png,train,g0196
vlcsnap-2023-11-28-14h11m36s022.png,train,g0197
vlcsnap-2023-11-28-14h11m39s780.png,train,g0197
vlcsnap-2023-11-28-14h11m47s495.png,train,g0197
vlcsnap-2023-11-28-14h11m51s286.png,train,g0197
vlcsnap-2023-11-28-14h12m08s170.png,train,g0197
vlcsnap-2023-11-28-14h12m17s532.png,train,g0197
vlcsnap-2023-11-28-14h12m23s053.png,train,g0197
vlcsnap-2023-11-28-14h12m27s835.png,train,g0197
vlcsnap-2023-11-28-14h12m31s193.png,train,g0197
vlcsnap-2023-11-28-14h12m36s403.png,train,g0197
vlcsnap-2023-11-28-14h12m40s454.png,train,g0197
vlcsnap-2023-11-28-14h12m45s062.png,train,g0197
vlcsnap-2023-11-28-14h12m50s699.png,train,g0197
vlcsnap-2023-11-28-14h12m56s497.png,train,g0197
vlcsnap-2023-11-28-14h13m04s860.png,train,g0197
vlcsnap-2023-11-28-14h14m26s966.png,train,g0198
vlcsnap-2023-11-28-14h14m53s841.png,train,g0199
vlcsnap-2023-11-28-14h14m57s793.png,train,g0199
vlcsnap-2023-11-28-14h15m02s559.png,train,g0199
vlcsnap-2023-11-28-14h15m40s665.png,train,g0200
vlcsnap-2023-11-28-14h15m46s571.png,train,g0200
vlcsnap-2023-11-28-14h15m50s123.png,train,g0200
vlcsnap-2023-11-28-14h15m55s028.png,train,g0200
vlcsnap-2023-11-28-14h15m58s964.png,train,g0200
vlcsnap-2023-11-28-14h16m06s141.png,train,g0200
vlcsnap-2023-11-28-14h16m38s536.png,train,g0201
vlcsnap-2023-11-28-14h16m44s271.png,train,g0201
vlcsnap-2023-11-28-14h16m48s871.png,train,g0201
vlcsnap-2023-11-28-14h16m52s889.png,train,g0201
vlcsnap-2023-11-28-14h16m57s863.png,train,g0201
vlcsnap-2023-11-28-14h17m01s489.png,train,g0201
vlcsnap-2023-11-28-14h17m04s597.png,train,g0201
vlcsnap-2023-11-28-14h17m08s396.png,train,g0201
vlcsnap-2023-11-28-14h17m14s517.png,train,g0201
vlcsnap-2023-11-28-14h17m30s244.png,train,g0202
vlcsnap-2023-11-28-14h17m38s608.png,train,g0202
vlcsnap-2023-11-28-14h18m12s103.png,train,g0203
vlcsnap-2023-11-28-14h18m20s532.png,train,g0203
vlcsnap-2023-11-28-14h18m25s344.png,train,g0203
vlcsnap-2023-11-28-14h18m29s372.png,train,g0203
vlcsnap-2023-11-28-14h18m33s363.png,train,g0203
vlcsnap-2023-11-28-14h18m37s392.png,train,g0203
vlcsnap-2023-11-28-14h18m43s224.png,train,g0203
vlcsnap-2023-11-28-14h19m14s614.png,train,g0204
vlcsnap-2023-11-28-14h19m18s589.png,train,g0204
vlcsnap-2023-11-28-14h19m22s807.png,train,g0204
vlcsnap-2023-11-28-14h19m26s263.png,train,g0204
